,title,released_date,source,url,mentions
0,"ü¶Å Forest down Man Utd; Villa leave it late; City, Palace, Chelsea win ",30/12/2023,OneFootball,https://onefootball.com/en/news/forest-down-man-utd-villa-leave-it-late-city-palace-chelsea-win-38799472,"Burnley, Manchester United, Manchester City, Chelsea, Aston Villa, Crystal Palace, Everton, Wolverhampton Wanderers, Nottingham Forest, Brentford, Sheffield United, Luton Town, Premier League"
1,Which Premier League sides will suffer most with AFCON and Asian Cup call-ups? ,03/01/2024,The Independent,https://onefootball.com/en/news/which-premier-league-sides-will-suffer-most-with-afcon-and-asian-cup-call-ups-38815261,"Liverpool, Tottenham Hotspur, Manchester United, Burnley, Manchester City, Newcastle United, Premier League"
2,Arsenal top this Premier League table that is the mark of champions ,30/12/2023,Football365,https://onefootball.com/en/news/arsenal-top-this-premier-league-table-that-is-the-mark-of-champions-38798669,"Arsenal, Manchester City, Brighton & Hove Albion, Premier League"
3,Arsenal Are Keeping A Keen Eye On This Juventus Forward: Good Choice For Arteta? ,02/01/2024,The 4th Official,https://onefootball.com/en/news/arsenal-are-keeping-a-keen-eye-on-this-juventus-forward-good-choice-for-arteta-38812588,"Juventus, Arsenal, Du≈°an Vlahoviƒá"
4,Every starting budget at each Premier League club in Football Manager 2024 ,03/01/2024,GiveMeSport,https://onefootball.com/en/news/every-starting-budget-at-each-premier-league-club-in-football-manager-2024-38816508,"Premier League, UEFA Champions League"
5,‚ÄòFrustrated‚Äô Liverpool icon Firmino could make PL return amid ‚Äòshock‚Äô interest from English club ,29/12/2023,Football365,https://onefootball.com/en/news/frustrated-liverpool-icon-firmino-could-make-pl-return-amid-shock-interest-from-english-club-38796143,"Liverpool, Sheffield United, Premier League, Roberto Firmino"
6,Premier League Transfer Rumour Mill: Vlahovic a ‚Äòno go‚Äô for Arsenal ,05/01/2024,The Football Faithful,https://onefootball.com/en/news/premier-league-transfer-rumour-mill-vlahovic-a-no-go-for-arsenal-38824753,"Arsenal, Juventus, Premier League, Du≈°an Vlahoviƒá"
7,"Transfer news LIVE! Chelsea rival Arsenal for Toney, Onana move; Dragusin to Tottenham update; Sancho latest ",31/12/2023,Evening Standard,https://onefootball.com/en/news/transfer-news-live-chelsea-rival-arsenal-for-toney-onana-move-dragusin-to-tottenham-update-sancho-latest-38803051,"Chelsea, Arsenal, Tottenham Hotspur, Brentford, Everton, Genoa, Ivan Toney, Amadou Onana, Conor Gallagher, Radu DrƒÉgu»ôin"
8,Tottenham have asked about signing red hot Premier League striker who‚Äôs already scored 13 goals this season ,04/01/2024,To The Lane And Back,https://onefootball.com/en/news/tottenham-have-asked-about-signing-red-hot-premier-league-striker-whos-already-scored-13-goals-this-season-38822121,Tottenham Hotspur
9,Juventus insist Arsenal target Vlahovic ‚Äònot for sale‚Äô ,05/01/2024,The Football Faithful,https://onefootball.com/en/news/juventus-insist-arsenal-target-vlahovic-not-for-sale-38824809,"Juventus, Arsenal, Du≈°an Vlahoviƒá"
10,No Mo Salah? Liverpool look like sitting ducks for the Man City juggernaut ,04/01/2024,Football365,https://onefootball.com/en/news/no-mo-salah-liverpool-look-like-sitting-ducks-for-the-man-city-juggernaut-38820263,"Liverpool, Manchester City, Premier League, EFL Cup, Africa Cup of Nations, Mohamed Salah"
11,5 highest Premier League xG after Liverpool break record against Newcastle ,02/01/2024,90min,https://onefootball.com/en/news/5-highest-premier-league-xg-after-liverpool-break-record-against-newcastle-38810390,"Liverpool, Newcastle United, Premier League, UEFA Champions League"
12,Jude Bellingham makes significant off-field change ,03/01/2024,90min,https://onefootball.com/en/news/jude-bellingham-makes-significant-off-field-change-38816692,"Borussia Dortmund, Real Madrid, Jude Bellingham"
13,Rodri on Erling Haaland: ‚ÄúHe reminds me of Cristiano and Messi‚Äù ,31/12/2023,Get Spanish Football News,https://onefootball.com/en/news/rodri-on-erling-haaland-he-reminds-me-of-cristiano-and-messi-38805402,"Manchester City, Erling Haaland, Cristiano, Lionel Messi, Rodri"
14,Predicting the 2023 FIFPRO Men's Team of the Year ,04/01/2024,GiveMeSport,https://onefootball.com/en/news/predicting-the-2023-fifpro-mens-team-of-the-year-38821856,"Manchester City, Inter Miami, PSG, Al-Nassr, Kylian Mbapp√©, Cristiano Ronaldo, Kevin De Bruyne, Erling Haaland, Lionel Messi"
15,Arsenal man leads top 10 Premier League signings of the season but Spurs dominate ,04/01/2024,Football365,https://onefootball.com/en/news/arsenal-man-leads-top-10-premier-league-signings-of-the-season-but-spurs-dominate-38821365,"Tottenham Hotspur, Arsenal, West Ham United, Chelsea, Aston Villa, Liverpool, Premier League, James Maddison, James Ward-Prowse"
16,Liverpool are discussing signing ‚Äòthe best player in the world‚Äô ,05/01/2024,caughtoffside,https://onefootball.com/en/news/liverpool-are-discussing-signing-the-best-player-in-the-world-38824935,"Liverpool, PSG, Premier League, Kylian Mbapp√©"
17,The worst Premier League sales from last summer ,05/01/2024,Football Today,https://onefootball.com/en/news/the-worst-premier-league-sales-from-last-summer-38824618,"Premier League, UEFA Champions League"
18,20 most expensive Premier League transfers ever based on inflation-adjusted fees ,05/01/2024,GiveMeSport,https://onefootball.com/en/news/20-most-expensive-premier-league-transfers-ever-based-on-inflation-adjusted-fees-38825330,"Premier League, UEFA Champions League"
19,Fantasy Premier League: Best replacements for Salah and Son ,03/01/2024,The Football Faithful,https://onefootball.com/en/news/fantasy-premier-league-best-replacements-for-salah-and-son-38816264,"Tottenham Hotspur, Liverpool, Premier League, UEFA Champions League, Son Heung-min, Mohamed Salah"
20,Arsenal learn the asking price for 23-year-old attacking target ,05/01/2024,caughtoffside,https://onefootball.com/en/news/arsenal-learn-the-asking-price-for-23-year-old-attacking-target-38825375,"Juventus, Arsenal, Premier League, Du≈°an Vlahoviƒá"
21,Why Jesse Lingard still doesn't have a new club ,05/01/2024,GiveMeSport,https://onefootball.com/en/news/why-jesse-lingard-still-doesnt-have-a-new-club-38825489,"Nottingham Forest, Premier League, Jesse Lingard"
22,Barbora Vot√≠kov√° nominated for Player of the Month award  ,05/01/2024,Tottenham Hotspur,https://onefootball.com/en/news/barbora-votikova-nominated-for-player-of-the-month-award-38825464,"Tottenham Hotspur, Tottenham Women"
23,Football transfer rumours: Olise could snub Man Utd; Arsenal make Onana approach ,05/01/2024,90min,https://onefootball.com/en/news/football-transfer-rumours-olise-could-snub-man-utd-arsenal-make-onana-approach-38824978,"Manchester United, Arsenal, Crystal Palace, Everton, Amadou Onana, Michael Olise"
24,Man Utd reach ‚Äòamicable agreement‚Äô with AFCON side as player opts to play ‚Äòtwo games in 24 hours‚Äô ,03/01/2024,Football365,https://onefootball.com/en/news/man-utd-reach-amicable-agreement-with-afcon-side-as-player-opts-to-play-two-games-in-24-hours-38817187,"Inter, Cameroon, Manchester United, Tottenham Hotspur, Africa Cup of Nations, FA Cup, FIFA World Cup, Andr√© Onana"
25,FA Cup Pressure: Spurs Battle Burnley ,05/01/2024,EPL Index,https://onefootball.com/en/news/fa-cup-pressure-spurs-battle-burnley-38825615,"Tottenham Hotspur, Burnley, FA Cup"
26,World Cup winners feature in six season-defining January loans by Premier League clubs ,02/01/2024,Football365,https://onefootball.com/en/news/world-cup-winners-feature-in-six-season-defining-january-loans-by-premier-league-clubs-38808893,"West Ham United, Birmingham City, Tottenham Hotspur, Nottingham Forest, Manchester United, South Korea, Premier League, FIFA World Cup, Jesse Lingard"
27,Former Premier League goalkeeper urges Aaron Ramsdale to join Manchester United ,05/01/2024,Stretty News,https://onefootball.com/en/news/former-premier-league-goalkeeper-urges-aaron-ramsdale-to-join-manchester-united-38825230,Manchester United
28,"¬£60m Man Utd target ‚Äòvery much prefers‚Äô move to Prem rivals amid ‚Äòinterest‚Äô from Arsenal, Liverpool ",04/01/2024,Football365,https://onefootball.com/en/news/60m-man-utd-target-very-much-prefers-move-to-prem-rivals-amid-interest-from-arsenal-liverpool-38822974,"Arsenal, Crystal Palace, Manchester United, Liverpool, Premier League, Michael Olise, Eberechi Eze"
29,Arsenal could benefit from Juventus ‚Äòfinancial problems‚Äô as ‚Äòcash-plus-player offer‚Äô is mooted ,03/01/2024,Football365,https://onefootball.com/en/news/arsenal-could-benefit-from-juventus-financial-problems-as-cash-plus-player-offer-is-mooted-38814410,"Arsenal, Juventus, Du≈°an Vlahoviƒá"
30,Jurgen Klopp drops Liverpool team news hint vs Arsenal as injured Dominik Szoboszlai ruled out ,05/01/2024,Evening Standard,https://onefootball.com/en/news/jurgen-klopp-drops-liverpool-team-news-hint-vs-arsenal-as-injured-dominik-szoboszlai-ruled-out-38825620,"Liverpool, Arsenal, RB Leipzig, Dominik Szoboszlai"
31,üì∏ Messi in but Ronaldo snubbed as IFFHS Team of 2023 announced ,05/01/2024,OneFootball,https://onefootball.com/en/news/messi-in-but-ronaldo-snubbed-as-iffhs-team-of-2023-announced-38825503,"Ederson, Harry Kane, Lionel Messi, R√∫ben Dias, Kim Min-jae, Kevin De Bruyne, Kylian Mbapp√©, Rodri, Alphonso Davies, Erling Haaland, Jude Bellingham"
32,"ü•á Premier League reveal Goal, Manager and Player of Month nominees ",04/01/2024,OneFootball,https://onefootball.com/en/news/premier-league-reveal-goal-manager-and-player-of-month-nominees-38820385,"Tottenham Hotspur, Liverpool, Chelsea, West Ham United, Crystal Palace, Wolverhampton Wanderers, AFC Bournemouth, Premier League"
33,Newcastle could be the next Premier League club to have a Spanish coach ,04/01/2024,caughtoffside,https://onefootball.com/en/news/newcastle-could-be-the-next-premier-league-club-to-have-a-spanish-coach-38818902,"Newcastle United, Premier League, UEFA Champions League"
34,Man City ‚Äòlike‚Äô Arteta‚Äôs ‚Äòbig transfer target‚Äô who is tipped for exit amid claim he‚Äôs ‚Äòperfect‚Äô for Arsenal ,05/01/2024,Football365,https://onefootball.com/en/news/man-city-like-artetas-big-transfer-target-who-is-tipped-for-exit-amid-claim-hes-perfect-for-arsenal-38824570,"Arsenal, Wolverhampton Wanderers, Manchester City, Newcastle United, Premier League, Pedro Neto, Bruno Guimar√£es"
35,Will Still and former Premier League boss on Birmingham City's radar ,03/01/2024,Football League World,https://onefootball.com/en/news/will-still-and-former-premier-league-boss-on-birmingham-citys-radar-38813589,"Reims, Birmingham City, Nottingham Forest, Premier League"
36,"Kudus, Olise, Palmer & Alexander-Arnold nominated for Premier League POTM award ",04/01/2024,Football Today,https://onefootball.com/en/news/kudus-olise-palmer-alexander-arnold-nominated-for-premier-league-potm-award-33482196,"West Ham United, Manchester City, Crystal Palace, Liverpool, Premier League, Michael Olise, Trent Alexander-Arnold, Cole Palmer, Mohammed Kudus"
37,Manchester United stance on Anthony Martial and Raphael Varane contracts ,05/01/2024,Stretty News,https://onefootball.com/en/news/manchester-united-stance-on-anthony-martial-and-raphael-varane-contracts-38825574,Manchester United
38,The 150 club: Premier League‚Äôs all-time leading strikers as Salah slides past Michael Owen ,02/01/2024,Football365,https://onefootball.com/en/news/the-150-club-premier-leagues-all-time-leading-strikers-as-salah-slides-past-michael-owen-38810121,"Liverpool, Tottenham Hotspur, Premier League, Mohamed Salah, Harry Kane"
39,Jose Mourinho teases that he will look like ‚Äútotal idiot‚Äù in new Netflix documentary ,05/01/2024,The Peoples Person,https://onefootball.com/en/news/jose-mourinho-teases-that-he-will-look-like-total-idiot-in-new-netflix-documentary-38825506,Manchester United
40,Colorado Rapids sign goalkeeper Zack Steffen from Manchester City ,04/01/2024,90min,https://onefootball.com/en/news/colorado-rapids-sign-goalkeeper-zack-steffen-from-manchester-city-38823120,"Manchester City, Manchester City, Colorado Rapids, Premier League, Major League Soccer, Zack Steffen"
41,Liverpool fan favourite has been offered to several Premier League clubs ,05/01/2024,caughtoffside,https://onefootball.com/en/news/liverpool-fan-favourite-has-been-offered-to-several-premier-league-clubs-38825312,"Liverpool, Premier League, Roberto Firmino"
42,Jadon Sancho‚Äôs loan to Borussia Dortmund hits a roadblock ,05/01/2024,Get German Football News,https://onefootball.com/en/news/jadon-sanchos-loan-to-borussia-dortmund-hits-a-roadblock-38825519,"Borussia Dortmund, Manchester United"
43,Liverpool‚Äôs biggest splurge among every Premier League club‚Äôs worst-ever January signing ,03/01/2024,Football365,https://onefootball.com/en/news/liverpools-biggest-splurge-among-every-premier-league-clubs-worst-ever-january-signing-38813982,"Liverpool, Arsenal, Aston Villa, AFC Bournemouth, Brentford, Brighton & Hove Albion, Chelsea, Crystal Palace, Everton, Fulham, Manchester City, Manchester United, Newcastle United, Nottingham Forest, Sheffield United, Southampton, Tottenham Hotspur, West Ham United, Premier League, Alexis Sanchez, Andy Carroll"
44,"Premier League clubs brace for FFP punishment, Nottingham Forest in hot seat ",03/01/2024,Football Today,https://onefootball.com/en/news/premier-league-clubs-brace-for-ffp-punishment-nottingham-forest-in-hot-seat-38814421,"Nottingham Forest, Premier League"
45,Tottenham are desperate to complete the signing of ¬£60m striker ,05/01/2024,caughtoffside,https://onefootball.com/en/news/tottenham-are-desperate-to-complete-the-signing-of-60m-striker-38825082,"Tottenham Hotspur, Premier League"
46,Official ,01/01/2024,Get German Football News,https://onefootball.com/en/news/official-manchester-uniteds-donny-van-de-beek-joins-eintracht-frankfurt-38806943,"Manchester United, Eintracht Frankfurt, Donny van de Beek"
47,Manchester City recall 20-year-old midfield talent from loan deal amid interest from Premier League clubs ,04/01/2024,City Xtra,https://onefootball.com/en/news/manchester-city-recall-20-year-old-midfield-talent-from-loan-deal-amid-interest-from-premier-league-clubs-38821757,Manchester City
48,"Big Weekend: Arsenal v Liverpool, Howe‚Äôs no-win derby, Oscar Bobb, Maidstone ",05/01/2024,Football365,https://onefootball.com/en/news/big-weekend-arsenal-v-liverpool-howes-no-win-derby-oscar-bobb-maidstone-38824814,"Newcastle United, EFL Cup, FA Cup"
49,‚Ç¨40m ace has been watched several times by Man United ,05/01/2024,caughtoffside,https://onefootball.com/en/news/40m-ace-has-been-watched-several-times-by-man-united-38825374,"Manchester United, Premier League"
50,Liverpool legend linked with shock return to Premier League just months after latest move ,04/01/2024,caughtoffside,https://onefootball.com/en/news/liverpool-legend-linked-with-shock-return-to-premier-league-just-months-after-latest-move-38823442,"Liverpool, Premier League, Roberto Firmino"
51,Erik ten Hag sneaks into top 10 Premier League managers of 2023 ,31/12/2023,Football365,https://onefootball.com/en/news/erik-ten-hag-sneaks-into-top-10-premier-league-managers-of-2023-38802971,"Manchester United, Everton, Manchester City, Newcastle United, Premier League, UEFA Champions League, EFL Cup, UEFA Europa League"
52,"Man Utd, Newcastle, Spurs among five clubs who must take FA Cup seriously ",04/01/2024,Football365,https://onefootball.com/en/news/man-utd-newcastle-spurs-among-five-clubs-who-must-take-fa-cup-seriously-38818893,"Newcastle United, Manchester United, Brighton & Hove Albion, Tottenham Hotspur, FA Cup"
53,Kylian Mbapp√© ‚Äòmisses‚Äô playing with ‚Äòspecial‚Äô Lionel Messi ,04/01/2024,Get French Football News,https://onefootball.com/en/news/kylian-mbappe-misses-playing-with-special-lionel-messi-38820093,"PSG, Inter Miami, Lionel Messi, Kylian Mbapp√©"
54,Jurgen Klopp confirms Dominik Szoboszlai injury timeline ,05/01/2024,Anfield Watch,https://onefootball.com/en/news/jurgen-klopp-confirms-dominik-szoboszlai-injury-timeline-38825268,Liverpool
55,Manchester United‚Äôs transfer target could be stolen by Carlo Ancelotti‚Äôs Real Madrid ,05/01/2024,Stretty News,https://onefootball.com/en/news/manchester-uniteds-transfer-target-could-be-stolen-by-carlo-ancelottis-real-madrid-38825573,Manchester United
56,Spurs vs Burnley ,05/01/2024,Tottenham Hotspur,https://onefootball.com/en/news/spurs-vs-burnley-ange-relishing-prospect-of-his-first-fa-cup-tie-38825494,Tottenham Hotspur
57,"Transfer gossip: Man Utd free to spend big in January, Liverpool target Prem winger ",01/01/2024,Football365,https://onefootball.com/en/news/transfer-gossip-man-utd-free-to-spend-big-in-january-liverpool-target-prem-winger-38806038,"Manchester United, Liverpool, Chelsea, Crystal Palace, Manchester City, Premier League, Michael Olise"
58,Ex-Liverpool forward Firmino linked with Premier League return ,05/01/2024,The Football Faithful,https://onefootball.com/en/news/ex-liverpool-forward-firmino-linked-with-premier-league-return-38824961,"Liverpool, Premier League"
59,Tottenham: Ange Postecoglou aware of trophy desire but warns FA Cup is not the 'holy grail' ,05/01/2024,Evening Standard,https://onefootball.com/en/news/tottenham-ange-postecoglou-aware-of-trophy-desire-but-warns-fa-cup-is-not-the-holy-grail-38825619,"Tottenham Hotspur, FA Cup"
60,"Very Unfair, Totally Undeserved ‚Äì Boss Can‚Äôt Get Over Loss To Newcastle United Even Months Later ",31/12/2023,Inside Futbol,https://onefootball.com/en/news/very-unfair-totally-undeserved-boss-cant-get-over-loss-to-newcastle-united-even-months-later-38805316,"Newcastle United, Spain, UEFA Champions League"
61,ü¶Å Premier League Mid-Season Awards 2023/24 ü•á ,29/12/2023,OneFootball,https://onefootball.com/en/news/premier-league-mid-season-awards-202324-38794866,"Arsenal, Tottenham Hotspur, Liverpool, Manchester United, Manchester City, Chelsea, Aston Villa, Everton, Wolverhampton Wanderers, AFC Bournemouth, Premier League, Mohamed Salah, Declan Rice, Richarlison, Cole Palmer"
62,Man Utd told to be ‚Äòrelieved to get ¬£5m back‚Äô for ‚Äòdeadweight‚Äô whose agent ‚Äòdeserves a slap‚Äô ,05/01/2024,Football365,https://onefootball.com/en/news/man-utd-told-to-be-relieved-to-get-5m-back-for-deadweight-whose-agent-deserves-a-slap-38825358,"Manchester United, Crystal Palace, Borussia Dortmund, Premier League"
63,Liverpool confirm Dominik Szoboszlai hamstring injury ,02/01/2024,90min,https://onefootball.com/en/news/liverpool-confirm-dominik-szoboszlai-hamstring-injury-38809350,"Liverpool, RB Leipzig, Dominik Szoboszlai"
64,Man City complete their first transfer deal of the January window ,05/01/2024,caughtoffside,https://onefootball.com/en/news/man-city-complete-their-first-transfer-deal-of-the-january-window-38825126,"Manchester City, Premier League"
65,"Study finds Jude Bellingham to be most valuable footballer, three Real Madrid players in top four ",04/01/2024,Football Espana,https://onefootball.com/en/news/study-finds-jude-bellingham-to-be-most-valuable-footballer-three-real-madrid-players-in-top-four-38822930,"Real Madrid, Borussia Dortmund, Jude Bellingham"
66,West Ham 0-0 Brighton: A Premier League nadir to end festive fixtures ,02/01/2024,Football365,https://onefootball.com/en/news/west-ham-0-0-brighton-a-premier-league-nadir-to-end-festive-fixtures-38813030,"Brighton & Hove Albion, West Ham United, Premier League"
67,Premier League club could be punished after facing Financial Fair Play charge ,03/01/2024,caughtoffside,https://onefootball.com/en/news/premier-league-club-could-be-punished-after-facing-financial-fair-play-charge-38813663,"Nottingham Forest, Premier League"
68,üö® Nominees revealed for Women's Super League December Player of the Month ,05/01/2024,OneFootball,https://onefootball.com/en/news/nominees-revealed-for-womens-super-league-december-player-of-the-month-38825560,"Leicester City, Tottenham Hotspur, Liverpool, Manchester United, Manchester City, Manchester City Women, Manchester United Women, Tottenham Women, Liverpool Women, Leicester City Women, FA Women's Super League"
69,Donny van de Beek joins Eintracht Frankfurt on loan from Man Utd ,01/01/2024,90min,https://onefootball.com/en/news/donny-van-de-beek-joins-eintracht-frankfurt-on-loan-from-man-utd-38806416,"Manchester United, Eintracht Frankfurt, Donny van de Beek"
70,Liverpool give update on Dominik Szoboszlai injury ,05/01/2024,The Independent,https://onefootball.com/en/news/liverpool-give-update-on-dominik-szoboszlai-injury-38825624,"Liverpool, RB Leipzig, FA Cup, Dominik Szoboszlai"
71,Van de Beek makes ‚Äòtough‚Äô Man Utd admission as he highlights one positive from horror Prem spell ,05/01/2024,Football365,https://onefootball.com/en/news/van-de-beek-makes-tough-man-utd-admission-as-he-highlights-one-positive-from-horror-prem-spell-38825093,"Manchester United, Eintracht Frankfurt, Premier League, Donny van de Beek"
72,A New Year's Resolution for every Premier League club üé± ,01/01/2024,OneFootball,https://onefootball.com/en/news/a-new-years-resolution-for-every-premier-league-club-38806086,"Arsenal, Burnley, Tottenham Hotspur, Liverpool, Manchester United, Newcastle United, Manchester City, Chelsea, West Ham United, Aston Villa, Crystal Palace, Fulham, Everton, Wolverhampton Wanderers, Nottingham Forest, AFC Bournemouth, Brighton & Hove Albion, Brentford, Sheffield United, Luton Town, Premier League"
73,Grading every Premier League club‚Äôs 2023/24 season so far ,30/12/2023,GiveMeSport,https://onefootball.com/en/news/grading-every-premier-league-clubs-202324-season-so-far-38800027,"Arsenal, Aston Villa, Liverpool, Tottenham Hotspur, Chelsea, Premier League, UEFA Champions League"
74,The 15 best under-21 players in the Premier League ,04/01/2024,GiveMeSport,https://onefootball.com/en/news/the-15-best-under-21-players-in-the-premier-league-38822575,"Premier League, UEFA Champions League"
75,‚ÄòNot had a lot of coaching‚Äô : Premier League legend criticises Manchester United star ,05/01/2024,Stretty News,https://onefootball.com/en/news/not-had-a-lot-of-coaching-premier-league-legend-criticises-manchester-united-star-38825474,Manchester United
76,Jurgen Klopp drops Liverpool team news hint vs Arsenal as injured Dominik Szoboszlai ruled out ,05/01/2024,Evening Standard,https://onefootball.com/en/news/jurgen-klopp-drops-liverpool-team-news-hint-vs-arsenal-as-injured-dominik-szoboszlai-ruled-out-38825491,"Liverpool, Arsenal, RB Leipzig, Dominik Szoboszlai"
77,Tottenham signing Morgan Gibbs-White would be a ‚Äòreally nice move‚Äô ,04/01/2024,GiveMeSport,https://onefootball.com/en/news/tottenham-signing-morgan-gibbs-white-would-be-a-really-nice-move-38823073,"Nottingham Forest, Tottenham Hotspur, Premier League, Morgan Gibbs-White"
78,Official: Donny van de Beek completes loan move to Eintracht Frankfurt ,01/01/2024,The Peoples Person,https://onefootball.com/en/news/official-donny-van-de-beek-completes-loan-move-to-eintracht-frankfurt-38806668,Manchester United
79,J√ºrgen Klopp confirms injury layoff for Liverpool midfielder ,05/01/2024,OneFootball,https://onefootball.com/en/news/juergen-klopp-confirms-injury-layoff-for-liverpool-midfielder-38825231,"Liverpool, Dominik Szoboszlai"
80,"‚ÄòI said if I wish them good luck it would be a lie‚Äô ‚Äì Liverpool boss Klopp reacts to Salah, Endo absence ",05/01/2024,Football365,https://onefootball.com/en/news/i-said-if-i-wish-them-good-luck-it-would-be-a-lie-liverpool-boss-klopp-reacts-to-salah-endo-absence-38825626,"Liverpool, Premier League, Africa Cup of Nations, Mohamed Salah, Wataru Endo"
81,5Ô∏è‚É£ big questions ahead of the Premier League weekend ,30/12/2023,OneFootball,https://onefootball.com/en/news/5-big-questions-ahead-of-the-premier-league-weekend-38798413,"Arsenal, Tottenham Hotspur, Liverpool, Manchester United, Newcastle United, Chelsea, Fulham, Nottingham Forest, AFC Bournemouth, Luton Town, Premier League"
82,Transfer news LIVE! Arsenal make Onana move; Chelsea plot Vlahovic bid; Dragusin to Tottenham update; Sancho ,05/01/2024,Evening Standard,https://onefootball.com/en/news/transfer-news-live-arsenal-make-onana-move-chelsea-plot-vlahovic-bid-dragusin-to-tottenham-update-sancho-38824396,"Arsenal, Tottenham Hotspur, Juventus, Chelsea, Everton, Manchester United, Genoa, Du≈°an Vlahoviƒá, Amadou Onana, Radu DrƒÉgu»ôin, Jadon Sancho"
83,"Transfer news LIVE! Arsenal learn new Toney option, new defender targets; Dragusin to Spurs; Chelsea latest ",04/01/2024,Evening Standard,https://onefootball.com/en/news/transfer-news-live-arsenal-learn-new-toney-option-new-defender-targets-dragusin-to-spurs-chelsea-latest-38818826,"Arsenal, Chelsea, Manchester United, Tottenham Hotspur, Brentford, Ivan Toney"
84,üî¨ The Debrief after the last Premier League Saturday of 2023 ,30/12/2023,OneFootball,https://onefootball.com/en/news/the-debrief-after-the-last-premier-league-saturday-of-2023-38800838,"Burnley, Manchester United, Manchester City, Chelsea, Aston Villa, Crystal Palace, Everton, Wolverhampton Wanderers, Nottingham Forest, Brentford, Sheffield United, Luton Town, Premier League"
85,Why Tottenham trump Arsenal and Chelsea with January transfer spending power ,04/01/2024,Evening Standard,https://onefootball.com/en/news/why-tottenham-trump-arsenal-and-chelsea-with-january-transfer-spending-power-38822170,"Chelsea, Arsenal, Tottenham Hotspur, Premier League"
86,"Transfer news LIVE! Arsenal have Zubimendi plan; Chelsea confirm deal; Man Utd get Werner boost, Sancho; Spurs ",30/12/2023,Evening Standard,https://onefootball.com/en/news/transfer-news-live-arsenal-have-zubimendi-plan-chelsea-confirm-deal-man-utd-get-werner-boost-sancho-spurs-38798848,"Chelsea, Arsenal, Tottenham Hotspur, Manchester United, RB Leipzig, Genoa, Timo Werner, Radu DrƒÉgu»ôin"
87,Man United are keen on signing ‚Äòthe next Moises Caicedo‚Äô ,05/01/2024,caughtoffside,https://onefootball.com/en/news/man-united-are-keen-on-signing-the-next-moises-caicedo-38824982,"Manchester United, Brighton & Hove Albion, Premier League, Mois√©s Caicedo"
88,Eintracht Frankfurt reach agreement with Aur√®le Amenda over a transfer ,04/01/2024,Get German Football News,https://onefootball.com/en/news/eintracht-frankfurt-reach-agreement-with-aurele-amenda-over-a-transfer-38822532,"Manchester United, Eintracht Frankfurt, Donny van de Beek"
89,Donny van de Beek leaves Man Utd for the Bundesliga ,01/01/2024,OneFootball,https://onefootball.com/en/news/donny-van-de-beek-leaves-man-utd-for-the-bundesliga-38806351,"Manchester United, Eintracht Frankfurt, Donny van de Beek"
90,Fulham's Silva charged by FA after referee comments,04/01/2024,BBC Sport,https://www.bbc.com/sport/football/67886178,Fulham 
91,Wan-Bissaka one of three to extend Man Utd deals,04/01/2024,BBC Sport,https://www.bbc.com/sport/football/67879910,Manchester United 
92,Who was 'outstanding'? Garth's Team of the Week,02/01/2024,BBC Sport,https://www.bbc.com/sport/football/67865895,Premier League 
93,Follow Liverpool in the BBC Sport app,05/01/2024,BBC Sport,https://www.bbc.com/sport/football/62289316,Liverpool 
94,"Referee couldn't handle pressure, says angry Silva",16/12/2023,BBC Sport,https://www.bbc.com/sport/football/67739716,Premier League 
95,Everton's Sorensen retiring at 26 as fun 'has come to an end',19/11/2023,BBC Sport,https://www.bbc.com/sport/football/67468826,Women's Football 
96,Howe hopes FA Cup tie can be season-changing game,06/01/2024,BBC Sport,https://www.bbc.com/sport/football/67891764,The FA Cup 
97,Wales midfielder Ladd extends Man Utd contract,14/12/2023,BBC Sport,https://www.bbc.com/sport/football/67720020,Women's Football 
98,'Only unbelievable offer will force Toney sale',04/01/2024,BBC Sport,https://www.bbc.com/sport/football/67885495,Brentford 
99,What to look out for in WSL January transfer window,01/01/2024,BBC Sport,https://www.bbc.com/sport/football/67698978,Women's Football 
100,Follow Luton Town in the BBC Sport app,05/01/2024,BBC Sport,https://www.bbc.com/sport/football/65826935,Luton Town 
101,"Miley, 17, scores as Newcastle beat 10-man Fulham",16/12/2023,BBC Sport,https://www.bbc.com/sport/football/67667800,Premier League 
102,Van de Beek joins Eintracht Frankfurt on loan,01/01/2024,BBC Sport,https://www.bbc.com/sport/football/67755600,Manchester United 
103,Man Utd sign ¬£35m Van de Beek from Ajax,02/09/2020,BBC Sport,https://www.bbc.com/sport/football/53977831,Manchester United 
104,Bournemouth's Traore recovering from malaria,29/12/2023,BBC Sport,https://www.bbc.com/sport/football/67842962,Bournemouth 
105,VAR testing my patience - Everton boss Dyche,04/01/2024,BBC Sport,https://www.bbc.com/sport/football/67888790,Everton 
106,Liverpool playing like 'potential champions',01/01/2024,BBC Sport,https://www.bbc.com/sport/football/67860036,Liverpool 
107,Gueye scores late as Everton win thriller at Palace,11/11/2023,BBC Sport,https://www.bbc.com/sport/football/67318578,Premier League 
108,Follow Chelsea in the BBC Sport app,05/01/2024,BBC Sport,https://www.bbc.com/sport/football/62213018,Chelsea 
109,Van de Beek joins Everton on loan,31/01/2022,BBC Sport,https://www.bbc.com/sport/football/60166151,Everton 
110,Chelsea sign Palmer from Man City in ¬£42.5m deal,01/09/2023,BBC Sport,https://www.bbc.com/sport/football/66681498,Chelsea 
111,Follow Man Utd in the BBC Sport app,05/01/2024,BBC Sport,https://www.bbc.com/sport/football/62294536,Manchester United 
112,Follow West Ham in the BBC Sport app,05/01/2024,BBC Sport,https://www.bbc.com/sport/football/62296985,West Ham United 
113,Everything Spurs - how to follow your team on the BBC,05/01/2024,BBC Sport,https://www.bbc.com/sport/football/57947356,Tottenham Hotspur 
114,Have your say on Liverpool,05/01/2024,BBC Sport,https://www.bbc.com/sport/football/59821368,Liverpool 
115,'That's why we call him Cold Palmer',30/12/2023,BBC Sport,https://www.bbc.com/sport/football/67849327,Chelsea 
116,Hwang scores twice as Wolves thrash Brentford,27/12/2023,BBC Sport,https://www.bbc.com/sport/football/67768994,Premier League 
117,Man Utd agree loan deal for Spurs' Reguilon,31/08/2023,BBC Sport,https://www.bbc.com/sport/football/66676106,Manchester United 
118,Name first Premier League scorer in every year since 2000,31/12/2023,BBC Sport,https://www.bbc.com/sport/football/67767384,Scores & Fixtures
119,Salah scores twice as slick Liverpool see off Newcastle,01/01/2024,BBC Sport,https://www.bbc.com/sport/football/67818598,Premier League 
120,Follow Crystal Palace in the BBC Sport app,04/01/2024,BBC Sport,https://www.bbc.com/sport/football/62213059,Crystal Palace 
121,Hammers' Kehrer joins Monaco on loan,05/01/2024,BBC Sport,https://www.bbc.com/sport/football/67891322,West Ham United 
122,Tottenham sign 123-cap China midfielder Wang,08/12/2023,BBC Sport,https://www.bbc.com/sport/football/67659545,Women's Football 
123,Hodgson dismisses 'disrespectful' Cooper talk,30/12/2023,BBC Sport,https://www.bbc.com/sport/football/67850417,Crystal Palace 
124,Burnley's Foster 'not in position' to play at Afcon,14/12/2023,BBC Sport,https://www.bbc.com/sport/football/67704592,Burnley 
125,How to follow your Premier League team on the BBC,08/06/2023,BBC Sport,https://www.bbc.com/sport/football/57638614,Premier League 
126,Eastleigh stun Reading in cup with McCallum double,03/12/2023,BBC Sport,https://www.bbc.com/sport/football/67579466,The FA Cup 
127,Facing Messi to beating Guardiola - the FA Cup minnows chasing glory,05/01/2024,BBC Sport,https://www.bbc.com/sport/football/67787113,The FA Cup 
128,Which Premier League players are at Afcon & Asian Cup?,03/01/2024,BBC Sport,https://www.bbc.com/sport/football/67824907,African
129,Follow your favourite Premier League team in the BBC Sport app,08/06/2023,BBC Sport,https://www.bbc.com/sport/football/58516425,Premier League 
130,Everything Hammers - how to follow your team on the BBC,04/01/2024,BBC Sport,https://www.bbc.com/sport/football/57948599,West Ham United 
131,Follow Everton in the BBC Sport app,05/01/2024,BBC Sport,https://www.bbc.com/sport/football/62219348,Everton 
132,'Inconsistent' & 'awful' Man Utd are 'back to worst',30/12/2023,BBC Sport,https://www.bbc.com/sport/football/67850900,Manchester United 
133,Luton winger Townsend signs long-term contract,03/01/2024,BBC Sport,https://www.bbc.com/sport/football/67877782,Luton Town 
134,Calvert-Lewin sent off as Everton draw with Palace,04/01/2024,BBC Sport,https://www.bbc.com/sport/football/67884893,The FA Cup 
135,Follow Brentford in the BBC Sport app,05/01/2024,BBC Sport,https://www.bbc.com/sport/football/62178365,Brentford 
136,'We must demand more' - 'lost' Arsenal 'need a new striker',31/12/2023,BBC Sport,https://www.bbc.com/sport/football/67854364,Arsenal 
137,Follow Fulham in the BBC Sport app,05/01/2024,BBC Sport,https://www.bbc.com/sport/football/62226459,Fulham 
138,Chelsea survive late Luton comeback to win thriller,30/12/2023,BBC Sport,https://www.bbc.com/sport/football/67809567,Premier League 
139,How to follow FA Cup third round on the BBC,04/01/2024,BBC Sport,https://www.bbc.com/sport/football/67658830,The FA Cup 
140,Olise double for Palace eases pressure on Hodgson,30/12/2023,BBC Sport,https://www.bbc.com/sport/football/67809577,Premier League 
141,Late Gibbs-White goal earns Forest win over Man Utd,30/12/2023,BBC Sport,https://www.bbc.com/sport/football/67809573,Premier League 
142,Former Everton winger Townsend joins Luton,11/10/2023,BBC Sport,https://www.bbc.com/sport/football/67076483,Luton Town 
143,Quiz: Can you guide your team to FA Cup glory?,04/01/2024,BBC Sport,https://www.bbc.com/sport/football/67858556,The FA Cup 
144,Sarr signs new Tottenham contract until 2030,02/01/2024,BBC Sport,https://www.bbc.com/sport/football/67861281,Tottenham Hotspur 
145,Arsenal lose at Fulham and miss chance to go top,31/12/2023,BBC Sport,https://www.bbc.com/sport/football/67814391,Premier League 
146,Sutton's FA Cup third-round predictions v Banners,04/01/2024,BBC Sport,https://www.bbc.com/sport/football/67857047,The FA Cup 
147,Man Utd winger Sancho may rejoin Dortmund on loan,02/01/2024,BBC Sport,https://www.bbc.com/sport/football/67866001,Manchester United 
148,Lockyer to meet specialists to determine future,31/12/2023,BBC Sport,https://www.bbc.com/sport/football/67853237,Luton Town 
149,West Ham close to signing Australia's Gorry,27/11/2023,BBC Sport,https://www.bbc.com/sport/football/67545639,Women's Football 
150,Follow Tottenham in the BBC Sport app,05/01/2024,BBC Sport,https://www.bbc.com/sport/football/62295833,Tottenham Hotspur 
151,Who could be on the move in January?,01/01/2024,BBC Sport,https://www.bbc.com/sport/football/67722978,Premier League 
152,Ten Hag had 'very positive' talks with Ratcliffe,05/01/2024,BBC Sport,https://www.bbc.com/sport/football/67886557,Manchester United 
153,Gambling addiction diagnosis got Toney reduced ban,26/05/2023,BBC Sport,https://www.bbc.com/sport/football/65721139,Brentford 
154,Have your say on Newcastle United,05/01/2024,BBC Sport,https://www.bbc.com/sport/football/59821484,Newcastle United 
155,Soucek signs new West Ham contract,01/01/2024,BBC Sport,https://www.bbc.com/sport/football/67858656,Scores & Fixtures
156,Brentford forward Mbeumo sidelined for weeks,07/12/2023,BBC Sport,https://www.bbc.com/sport/football/67653724,Brentford 
157,West Ham sign USA midfielder Mewis,22/12/2023,BBC Sport,https://www.bbc.com/sport/football/67807699,Women's Football 
158,De Zerbi surprised at Mitoma's Asian Cup call-up,01/01/2024,BBC Sport,https://www.bbc.com/sport/football/67857101,Scores & Fixtures
159,Follow your club and get news sent direct to you,05/01/2024,BBC Sport,https://www.bbc.com/sport/football/66302372,Premier League 
160,Luton's Lockyer still in hospital after collapsing on pitch,17/12/2023,BBC Sport,https://www.bbc.com/sport/football/67744280,Luton Town 
161,Have your say on Man Utd,04/01/2024,BBC Sport,https://www.bbc.com/sport/football/59821410,Manchester United 
162,Reguilon returns to Spurs as Man Utd end loan deal,02/01/2024,BBC Sport,https://www.bbc.com/sport/football/67864491,Premier League 
163,Maidstone stun Barrow to reach FA Cup third round,02/12/2023,BBC Sport,https://www.bbc.com/sport/football/67579275,The FA Cup 
