,home_team,away_team,bet_type,outcome,odd
0,Arsenal,Crystal Palace,Résultat du match (temps réglementaire),,8.00
1,Arsenal,Crystal Palace,Double chance,Arsenal ou Nul,1.06
2,Arsenal,Crystal Palace,Double chance,Arsenal ou Crystal Palace,1.11
3,Arsenal,Crystal Palace,Double chance,Nul ou Crystal Palace,2.97
4,Arsenal,Crystal Palace,Nombre total de buts,"+ de 1,5",1.19
5,Arsenal,Crystal Palace,Nombre total de buts,"- de 1,5",3.70
6,Arsenal,Crystal Palace,Nombre total de buts,"+ de 2,5",1.62
7,Arsenal,Crystal Palace,Nombre total de buts,"- de 2,5",1.88
8,Arsenal,Crystal Palace,Nombre total de buts,"+ de 3,5",2.50
9,Arsenal,Crystal Palace,Nombre total de buts,"- de 3,5",1.32
10,Arsenal,Crystal Palace,But pour les 2 équipes,Oui,1.98
11,Arsenal,Crystal Palace,But pour les 2 équipes,Non,1.56
12,Arsenal,Crystal Palace,Total de buts - Arsenal,"+ de 0,5",1.07
13,Arsenal,Crystal Palace,Total de buts - Arsenal,"- de 0,5",7.10
14,Arsenal,Crystal Palace,Total de buts - Arsenal,"+ de 1,5",1.43
15,Arsenal,Crystal Palace,Total de buts - Arsenal,"- de 1,5",2.32
16,Arsenal,Crystal Palace,Total de buts - Arsenal,"+ de 2,5",2.35
17,Arsenal,Crystal Palace,Total de buts - Arsenal,"- de 2,5",1.44
18,Arsenal,Crystal Palace,Total de buts - Crystal Palace,"+ de 0,5",1.80
19,Arsenal,Crystal Palace,Total de buts - Crystal Palace,"- de 0,5",1.74
20,Arsenal,Crystal Palace,Total de buts - Crystal Palace,"+ de 1,5",4.48
21,Arsenal,Crystal Palace,Total de buts - Crystal Palace,"- de 1,5",1.10
22,Arsenal,Crystal Palace,Écart de buts,Arsenal gagne de 6 buts ou +,16.25
23,Arsenal,Crystal Palace,Écart de buts,Arsenal gagne de 5 buts exactement,8.40
24,Arsenal,Crystal Palace,Écart de buts,Crystal Palace ne perd pas ou perd de 4 buts ou -,1.01
25,Arsenal,Crystal Palace,Première équipe à marquer,Arsenal,1.29
26,Arsenal,Crystal Palace,Première équipe à marquer,Pas de but dans le match,13.75
27,Arsenal,Crystal Palace,Première équipe à marquer,Crystal Palace,3.58
28,Arsenal,Crystal Palace,Score exact,1 - 0,6.40
29,Arsenal,Crystal Palace,Score exact,0 - 0,14
30,Arsenal,Crystal Palace,Score exact,0 - 1,20
31,Arsenal,Crystal Palace,Score exact,2 - 0,5.80
32,Arsenal,Crystal Palace,Score exact,1 - 1,9.40
33,Arsenal,Crystal Palace,Score exact,0 - 2,60
34,Arsenal,Crystal Palace,Score exact,2 - 1,8.60
35,Arsenal,Crystal Palace,Score exact,2 - 2,25
36,Arsenal,Crystal Palace,Score exact,1 - 2,27
37,Arsenal,Crystal Palace,1ère mi-temps - Résultat,Arsenal,1.77
38,Arsenal,Crystal Palace,1ère mi-temps - Résultat,Nul,2.34
39,Arsenal,Crystal Palace,1ère mi-temps - Résultat,Crystal Palace,7.30
40,Aston Villa,Newcastle,Résultat du match (temps réglementaire),,3.25
41,Aston Villa,Newcastle,Double chance,Aston Villa ou Nul,1.25
42,Aston Villa,Newcastle,Double chance,Aston Villa ou Newcastle,1.19
43,Aston Villa,Newcastle,Double chance,Nul ou Newcastle,1.73
44,Aston Villa,Newcastle,Nombre total de buts,"+ de 1,5",1.13
45,Aston Villa,Newcastle,Nombre total de buts,"- de 1,5",4.60
46,Aston Villa,Newcastle,Nombre total de buts,"+ de 2,5",1.48
47,Aston Villa,Newcastle,Nombre total de buts,"- de 2,5",2.15
48,Aston Villa,Newcastle,Nombre total de buts,"+ de 3,5",2.15
49,Aston Villa,Newcastle,Nombre total de buts,"- de 3,5",1.45
50,Aston Villa,Newcastle,But pour les 2 équipes,Oui,1.45
51,Aston Villa,Newcastle,But pour les 2 équipes,Non,2.19
52,Aston Villa,Newcastle,Total de buts - Aston Villa,"+ de 0,5",1.11
53,Aston Villa,Newcastle,Total de buts - Aston Villa,"- de 0,5",5.20
54,Aston Villa,Newcastle,Total de buts - Aston Villa,"+ de 1,5",1.61
55,Aston Villa,Newcastle,Total de buts - Aston Villa,"- de 1,5",1.89
56,Aston Villa,Newcastle,Total de buts - Aston Villa,"+ de 2,5",3.07
57,Aston Villa,Newcastle,Total de buts - Aston Villa,"- de 2,5",1.26
58,Aston Villa,Newcastle,Total de buts - Aston Villa,"+ de 3,5",4.78
59,Aston Villa,Newcastle,Total de buts - Aston Villa,"- de 3,5",1.06
60,Aston Villa,Newcastle,Total de buts - Newcastle,"+ de 0,5",1.25
61,Aston Villa,Newcastle,Total de buts - Newcastle,"- de 0,5",3.18
62,Aston Villa,Newcastle,Total de buts - Newcastle,"+ de 1,5",2.19
63,Aston Villa,Newcastle,Total de buts - Newcastle,"- de 1,5",1.44
64,Aston Villa,Newcastle,Total de buts - Newcastle,"+ de 2,5",5.65
65,Aston Villa,Newcastle,Total de buts - Newcastle,"- de 2,5",1.09
66,Aston Villa,Newcastle,Total de buts - Newcastle,"+ de 3,5",6.20
67,Aston Villa,Newcastle,Total de buts - Newcastle,"- de 3,5",1.01
68,Aston Villa,Newcastle,Écart de buts,Aston Villa gagne de 5 buts ou +,16.50
69,Aston Villa,Newcastle,Écart de buts,Aston Villa gagne de 4 buts exactement,8.25
70,Aston Villa,Newcastle,Écart de buts,Newcastle ne perd pas ou perd de 3 buts ou -,1.01
71,Aston Villa,Newcastle,Première équipe à marquer,Aston Villa,1.60
72,Aston Villa,Newcastle,Première équipe à marquer,Pas de but dans le match,18.25
73,Aston Villa,Newcastle,Première équipe à marquer,Newcastle,2.14
74,Aston Villa,Newcastle,Score exact,1 - 0,11
75,Aston Villa,Newcastle,Score exact,0 - 0,18
76,Aston Villa,Newcastle,Score exact,0 - 1,15
77,Aston Villa,Newcastle,Score exact,2 - 0,11
78,Aston Villa,Newcastle,Score exact,1 - 1,7.40
79,Aston Villa,Newcastle,Score exact,0 - 2,22
80,Aston Villa,Newcastle,Score exact,2 - 1,8.60
81,Aston Villa,Newcastle,Score exact,2 - 2,12
82,Aston Villa,Newcastle,Score exact,1 - 2,12
83,Aston Villa,Newcastle,1ère mi-temps - Résultat,Aston Villa,2.34
84,Aston Villa,Newcastle,1ère mi-temps - Résultat,Nul,2.26
85,Aston Villa,Newcastle,1ère mi-temps - Résultat,Newcastle,3.57
86,Bournemouth,Liverpool,Résultat du match (temps réglementaire),,1.60
87,Bournemouth,Liverpool,Double chance,Bournemouth ou Nul,2.10
88,Bournemouth,Liverpool,Double chance,Bournemouth ou Liverpool,1.16
89,Bournemouth,Liverpool,Double chance,Nul ou Liverpool,1.15
90,Bournemouth,Liverpool,Nombre total de buts,"+ de 1,5",1.10
91,Bournemouth,Liverpool,Nombre total de buts,"- de 1,5",5.50
92,Bournemouth,Liverpool,Nombre total de buts,"+ de 2,5",1.38
93,Bournemouth,Liverpool,Nombre total de buts,"- de 2,5",2.35
94,Bournemouth,Liverpool,Nombre total de buts,"+ de 3,5",1.95
95,Bournemouth,Liverpool,Nombre total de buts,"- de 3,5",1.58
96,Bournemouth,Liverpool,But pour les 2 équipes,Oui,1.43
97,Bournemouth,Liverpool,But pour les 2 équipes,Non,2.22
98,Bournemouth,Liverpool,Total de buts - Bournemouth,"+ de 0,5",1.31
99,Bournemouth,Liverpool,Total de buts - Bournemouth,"- de 0,5",2.86
100,Bournemouth,Liverpool,Total de buts - Bournemouth,"+ de 1,5",2.45
101,Bournemouth,Liverpool,Total de buts - Bournemouth,"- de 1,5",1.39
102,Bournemouth,Liverpool,Total de buts - Bournemouth,"+ de 2,5",6.70
103,Bournemouth,Liverpool,Total de buts - Bournemouth,"- de 2,5",1.08
104,Bournemouth,Liverpool,Total de buts - Liverpool,"+ de 0,5",1.07
105,Bournemouth,Liverpool,Total de buts - Liverpool,"- de 0,5",7.20
106,Bournemouth,Liverpool,Total de buts - Liverpool,"+ de 1,5",1.43
107,Bournemouth,Liverpool,Total de buts - Liverpool,"- de 1,5",2.33
108,Bournemouth,Liverpool,Total de buts - Liverpool,"+ de 2,5",2.34
109,Bournemouth,Liverpool,Total de buts - Liverpool,"- de 2,5",1.44
110,Bournemouth,Liverpool,Écart de buts,Bournemouth gagne de 4 buts ou +,21.50
111,Bournemouth,Liverpool,Écart de buts,Bournemouth gagne de 3 buts exactement,7.90
112,Bournemouth,Liverpool,Écart de buts,Liverpool ne perd pas ou perd de 2 buts ou -,1.01
113,Bournemouth,Liverpool,Première équipe à marquer,Bournemouth,2.47
114,Bournemouth,Liverpool,Première équipe à marquer,Pas de but dans le match,22.50
115,Bournemouth,Liverpool,Première équipe à marquer,Liverpool,1.47
116,Bournemouth,Liverpool,Score exact,1 - 0,20
117,Bournemouth,Liverpool,Score exact,0 - 0,22
118,Bournemouth,Liverpool,Score exact,0 - 1,11
119,Bournemouth,Liverpool,Score exact,2 - 0,35
120,Bournemouth,Liverpool,Score exact,1 - 1,8.40
121,Bournemouth,Liverpool,Score exact,0 - 2,10
122,Bournemouth,Liverpool,Score exact,2 - 1,15
123,Bournemouth,Liverpool,Score exact,2 - 2,13
124,Bournemouth,Liverpool,Score exact,1 - 2,8.40
125,Bournemouth,Liverpool,1ère mi-temps - Résultat,Bournemouth,4.38
126,Bournemouth,Liverpool,1ère mi-temps - Résultat,Nul,2.46
127,Bournemouth,Liverpool,1ère mi-temps - Résultat,Liverpool,2.02
128,Brentford,Nottingham Forest,Résultat du match (temps réglementaire),,3.45
129,Brentford,Nottingham Forest,Double chance,Brentford ou Nul,1.24
130,Brentford,Nottingham Forest,Double chance,Brentford ou Nottingham Forest,1.22
131,Brentford,Nottingham Forest,Double chance,Nul ou Nottingham Forest,1.69
132,Brentford,Nottingham Forest,Nombre total de buts,"+ de 0,5",1.03
133,Brentford,Nottingham Forest,Nombre total de buts,"- de 0,5",12
134,Brentford,Nottingham Forest,Nombre total de buts,"+ de 1,5",1.22
135,Brentford,Nottingham Forest,Nombre total de buts,"- de 1,5",3.40
136,Brentford,Nottingham Forest,Nombre total de buts,"+ de 2,5",1.72
137,Brentford,Nottingham Forest,Nombre total de buts,"- de 2,5",1.75
138,Brentford,Nottingham Forest,But pour les 2 équipes,Oui,1.63
139,Brentford,Nottingham Forest,But pour les 2 équipes,Non,1.88
140,Brentford,Nottingham Forest,Total de buts - Brentford,"+ de 0,5",1.17
141,Brentford,Nottingham Forest,Total de buts - Brentford,"- de 0,5",4.15
142,Brentford,Nottingham Forest,Total de buts - Brentford,"+ de 1,5",1.86
143,Brentford,Nottingham Forest,Total de buts - Brentford,"- de 1,5",1.69
144,Brentford,Nottingham Forest,Total de buts - Brentford,"+ de 2,5",3.90
145,Brentford,Nottingham Forest,Total de buts - Brentford,"- de 2,5",1.19
146,Brentford,Nottingham Forest,Total de buts - Brentford,"+ de 3,5",6.05
147,Brentford,Nottingham Forest,Total de buts - Brentford,"- de 3,5",1.04
148,Brentford,Nottingham Forest,Total de buts - Nottingham Forest,"+ de 0,5",1.35
149,Brentford,Nottingham Forest,Total de buts - Nottingham Forest,"- de 0,5",2.64
150,Brentford,Nottingham Forest,Total de buts - Nottingham Forest,"+ de 1,5",2.65
151,Brentford,Nottingham Forest,Total de buts - Nottingham Forest,"- de 1,5",1.33
152,Brentford,Nottingham Forest,Total de buts - Nottingham Forest,"+ de 2,5",7.80
153,Brentford,Nottingham Forest,Total de buts - Nottingham Forest,"- de 2,5",1.06
154,Brentford,Nottingham Forest,Écart de buts,Brentford gagne de 5 buts ou +,18.75
155,Brentford,Nottingham Forest,Écart de buts,Brentford gagne de 4 buts exactement,8.10
156,Brentford,Nottingham Forest,Écart de buts,Nottingham Forest ne perd pas ou perd de 3 buts ou -,1.01
157,Brentford,Nottingham Forest,Première équipe à marquer,Brentford,1.66
158,Brentford,Nottingham Forest,Première équipe à marquer,Pas de but dans le match,11.75
159,Brentford,Nottingham Forest,Première équipe à marquer,Nottingham Forest,2.27
160,Brentford,Nottingham Forest,Score exact,1 - 0,8.00
161,Brentford,Nottingham Forest,Score exact,0 - 0,12
162,Brentford,Nottingham Forest,Score exact,0 - 1,11
163,Brentford,Nottingham Forest,Score exact,2 - 0,9.80
164,Brentford,Nottingham Forest,Score exact,1 - 1,6.40
165,Brentford,Nottingham Forest,Score exact,0 - 2,20
166,Brentford,Nottingham Forest,Score exact,2 - 1,8.60
167,Brentford,Nottingham Forest,Score exact,2 - 2,14
168,Brentford,Nottingham Forest,Score exact,1 - 2,12
169,Brentford,Nottingham Forest,1ère mi-temps - Résultat,Brentford,2.50
170,Brentford,Nottingham Forest,1ère mi-temps - Résultat,Nul,2.11
171,Brentford,Nottingham Forest,1ère mi-temps - Résultat,Nottingham Forest,3.88
172,Brighton,Wolverhampton,Résultat du match (temps réglementaire),,4.55
173,Brighton,Wolverhampton,Double chance,Brighton ou Nul,1.14
174,Brighton,Wolverhampton,Double chance,Brighton ou Wolverhampton,1.17
175,Brighton,Wolverhampton,Double chance,Nul ou Wolverhampton,2.09
176,Brighton,Wolverhampton,Nombre total de buts,"+ de 1,5",1.15
177,Brighton,Wolverhampton,Nombre total de buts,"- de 1,5",4.25
178,Brighton,Wolverhampton,Nombre total de buts,"+ de 2,5",1.52
179,Brighton,Wolverhampton,Nombre total de buts,"- de 2,5",2.00
180,Brighton,Wolverhampton,Nombre total de buts,"+ de 3,5",2.25
181,Brighton,Wolverhampton,Nombre total de buts,"- de 3,5",1.40
182,Brighton,Wolverhampton,But pour les 2 équipes,Oui,1.57
183,Brighton,Wolverhampton,But pour les 2 équipes,Non,1.96
184,Brighton,Wolverhampton,Total de buts - Brighton,"+ de 0,5",1.08
185,Brighton,Wolverhampton,Total de buts - Brighton,"- de 0,5",6.00
186,Brighton,Wolverhampton,Total de buts - Brighton,"+ de 1,5",1.51
187,Brighton,Wolverhampton,Total de buts - Brighton,"- de 1,5",2.05
188,Brighton,Wolverhampton,Total de buts - Brighton,"+ de 2,5",2.69
189,Brighton,Wolverhampton,Total de buts - Brighton,"- de 2,5",1.33
190,Brighton,Wolverhampton,Total de buts - Wolverhampton,"+ de 0,5",1.39
191,Brighton,Wolverhampton,Total de buts - Wolverhampton,"- de 0,5",2.45
192,Brighton,Wolverhampton,Total de buts - Wolverhampton,"+ de 1,5",2.76
193,Brighton,Wolverhampton,Total de buts - Wolverhampton,"- de 1,5",1.27
194,Brighton,Wolverhampton,Total de buts - Wolverhampton,"+ de 2,5",9.10
195,Brighton,Wolverhampton,Total de buts - Wolverhampton,"- de 2,5",1.04
196,Brighton,Wolverhampton,Écart de buts,Brighton gagne de 5 buts ou +,14.25
197,Brighton,Wolverhampton,Écart de buts,Brighton gagne de 4 buts exactement,7.95
198,Brighton,Wolverhampton,Écart de buts,Wolverhampton ne perd pas ou perd de 3 buts ou -,1.03
199,Brighton,Wolverhampton,Première équipe à marquer,Brighton,1.45
200,Brighton,Wolverhampton,Première équipe à marquer,Pas de but dans le match,16
201,Brighton,Wolverhampton,Première équipe à marquer,Wolverhampton,2.53
202,Brighton,Wolverhampton,Score exact,1 - 0,8.60
203,Brighton,Wolverhampton,Score exact,0 - 0,16
204,Brighton,Wolverhampton,Score exact,0 - 1,16
205,Brighton,Wolverhampton,Score exact,2 - 0,8.60
206,Brighton,Wolverhampton,Score exact,1 - 1,7.40
207,Brighton,Wolverhampton,Score exact,0 - 2,30
208,Brighton,Wolverhampton,Score exact,2 - 1,8.20
209,Brighton,Wolverhampton,Score exact,2 - 2,14
210,Brighton,Wolverhampton,Score exact,1 - 2,16
211,Brighton,Wolverhampton,1ère mi-temps - Résultat,Brighton,2.03
212,Brighton,Wolverhampton,1ère mi-temps - Résultat,Nul,2.27
213,Brighton,Wolverhampton,1ère mi-temps - Résultat,Wolverhampton,4.58
214,Burnley,Luton,Résultat du match (temps réglementaire),,3.67
215,Burnley,Luton,Double chance,Burnley ou Nul,1.21
216,Burnley,Luton,Double chance,Burnley ou Luton,1.21
217,Burnley,Luton,Double chance,Nul ou Luton,1.74
218,Burnley,Luton,Nombre total de buts,"+ de 0,5",1.03
219,Burnley,Luton,Nombre total de buts,"- de 0,5",11
220,Burnley,Luton,Nombre total de buts,"+ de 1,5",1.23
221,Burnley,Luton,Nombre total de buts,"- de 1,5",3.25
222,Burnley,Luton,Nombre total de buts,"+ de 2,5",1.78
223,Burnley,Luton,Nombre total de buts,"- de 2,5",1.72
224,Burnley,Luton,But pour les 2 équipes,Oui,1.69
225,Burnley,Luton,But pour les 2 équipes,Non,1.81
226,Burnley,Luton,Total de buts - Burnley,"+ de 0,5",1.17
227,Burnley,Luton,Total de buts - Burnley,"- de 0,5",4.12
228,Burnley,Luton,Total de buts - Burnley,"+ de 1,5",1.86
229,Burnley,Luton,Total de buts - Burnley,"- de 1,5",1.69
230,Burnley,Luton,Total de buts - Burnley,"+ de 2,5",3.92
231,Burnley,Luton,Total de buts - Burnley,"- de 2,5",1.19
232,Burnley,Luton,Total de buts - Burnley,"+ de 3,5",6.05
233,Burnley,Luton,Total de buts - Burnley,"- de 3,5",1.04
234,Burnley,Luton,Total de buts - Luton,"+ de 0,5",1.40
235,Burnley,Luton,Total de buts - Luton,"- de 0,5",2.47
236,Burnley,Luton,Total de buts - Luton,"+ de 1,5",2.84
237,Burnley,Luton,Total de buts - Luton,"- de 1,5",1.29
238,Burnley,Luton,Total de buts - Luton,"+ de 2,5",9.00
239,Burnley,Luton,Total de buts - Luton,"- de 2,5",1.05
240,Burnley,Luton,Écart de buts,Burnley gagne de 5 buts ou +,18.75
241,Burnley,Luton,Écart de buts,Burnley gagne de 4 buts exactement,8.05
242,Burnley,Luton,Écart de buts,Luton ne perd pas ou perd de 3 buts ou -,1.01
243,Burnley,Luton,Première équipe à marquer,Burnley,1.63
244,Burnley,Luton,Première équipe à marquer,Pas de but dans le match,11
245,Burnley,Luton,Première équipe à marquer,Luton,2.36
246,Burnley,Luton,Score exact,1 - 0,7.40
247,Burnley,Luton,Score exact,0 - 0,11
248,Burnley,Luton,Score exact,0 - 1,11
249,Burnley,Luton,Score exact,2 - 0,9.00
250,Burnley,Luton,Score exact,1 - 1,6.40
251,Burnley,Luton,Score exact,0 - 2,21
252,Burnley,Luton,Score exact,2 - 1,8.60
253,Burnley,Luton,Score exact,2 - 2,15
254,Burnley,Luton,Score exact,1 - 2,13
255,Burnley,Luton,1ère mi-temps - Résultat,Burnley,2.45
256,Burnley,Luton,1ère mi-temps - Résultat,Nul,2.09
257,Burnley,Luton,1ère mi-temps - Résultat,Luton,4.12
258,Chelsea,Fulham,Résultat du match (temps réglementaire),,4.92
259,Chelsea,Fulham,Double chance,Chelsea ou Nul,1.13
260,Chelsea,Fulham,Double chance,Chelsea ou Fulham,1.16
261,Chelsea,Fulham,Double chance,Nul ou Fulham,2.16
262,Chelsea,Fulham,Nombre total de buts,"+ de 1,5",1.15
263,Chelsea,Fulham,Nombre total de buts,"- de 1,5",4.30
264,Chelsea,Fulham,Nombre total de buts,"+ de 2,5",1.55
265,Chelsea,Fulham,Nombre total de buts,"- de 2,5",2.10
266,Chelsea,Fulham,Nombre total de buts,"+ de 3,5",2.30
267,Chelsea,Fulham,Nombre total de buts,"- de 3,5",1.45
268,Chelsea,Fulham,But pour les 2 équipes,Oui,1.58
269,Chelsea,Fulham,But pour les 2 équipes,Non,1.95
270,Chelsea,Fulham,Total de buts - Chelsea,"+ de 0,5",1.09
271,Chelsea,Fulham,Total de buts - Chelsea,"- de 0,5",6.30
272,Chelsea,Fulham,Total de buts - Chelsea,"+ de 1,5",1.52
273,Chelsea,Fulham,Total de buts - Chelsea,"- de 1,5",2.20
274,Chelsea,Fulham,Total de buts - Chelsea,"+ de 2,5",2.59
275,Chelsea,Fulham,Total de buts - Chelsea,"- de 2,5",1.39
276,Chelsea,Fulham,Total de buts - Fulham,"+ de 0,5",1.44
277,Chelsea,Fulham,Total de buts - Fulham,"- de 0,5",2.42
278,Chelsea,Fulham,Total de buts - Fulham,"+ de 1,5",3.02
279,Chelsea,Fulham,Total de buts - Fulham,"- de 1,5",1.28
280,Chelsea,Fulham,Total de buts - Fulham,"+ de 2,5",9.50
281,Chelsea,Fulham,Total de buts - Fulham,"- de 2,5",1.05
282,Chelsea,Fulham,Écart de buts,Chelsea gagne de 5 buts ou +,13.75
283,Chelsea,Fulham,Écart de buts,Chelsea gagne de 4 buts exactement,7.90
284,Chelsea,Fulham,Écart de buts,Fulham ne perd pas ou perd de 3 buts ou -,1.03
285,Chelsea,Fulham,Première équipe à marquer,Chelsea,1.47
286,Chelsea,Fulham,Première équipe à marquer,Pas de but dans le match,16.25
287,Chelsea,Fulham,Première équipe à marquer,Fulham,2.72
288,Chelsea,Fulham,Score exact,1 - 0,8.60
289,Chelsea,Fulham,Score exact,0 - 0,16
290,Chelsea,Fulham,Score exact,0 - 1,17
291,Chelsea,Fulham,Score exact,2 - 0,8.40
292,Chelsea,Fulham,Score exact,1 - 1,7.60
293,Chelsea,Fulham,Score exact,0 - 2,35
294,Chelsea,Fulham,Score exact,2 - 1,8.20
295,Chelsea,Fulham,Score exact,2 - 2,14
296,Chelsea,Fulham,Score exact,1 - 2,16
297,Chelsea,Fulham,1ère mi-temps - Résultat,Chelsea,2.05
298,Chelsea,Fulham,1ère mi-temps - Résultat,Nul,2.38
299,Chelsea,Fulham,1ère mi-temps - Résultat,Fulham,4.97
300,Crystal Palace,Sheffield United,Résultat du match (temps réglementaire),,5.95
301,Crystal Palace,Sheffield United,Double chance,Crystal Palace ou Nul,1.09
302,Crystal Palace,Sheffield United,Double chance,Crystal Palace ou Sheffield United,1.15
303,Crystal Palace,Sheffield United,Double chance,Nul ou Sheffield United,2.40
304,Crystal Palace,Sheffield United,Nombre total de buts,"+ de 0,5",1.03
305,Crystal Palace,Sheffield United,Nombre total de buts,"- de 0,5",11
306,Crystal Palace,Sheffield United,Nombre total de buts,"+ de 1,5",1.24
307,Crystal Palace,Sheffield United,Nombre total de buts,"- de 1,5",3.20
308,Crystal Palace,Sheffield United,Nombre total de buts,"+ de 2,5",1.78
309,Crystal Palace,Sheffield United,Nombre total de buts,"- de 2,5",1.72
310,Crystal Palace,Sheffield United,But pour les 2 équipes,Oui,1.93
311,Crystal Palace,Sheffield United,But pour les 2 équipes,Non,1.60
312,Crystal Palace,Sheffield United,Total de buts - Crystal Palace,"+ de 0,5",1.10
313,Crystal Palace,Sheffield United,Total de buts - Crystal Palace,"- de 0,5",5.45
314,Crystal Palace,Sheffield United,Total de buts - Crystal Palace,"+ de 1,5",1.57
315,Crystal Palace,Sheffield United,Total de buts - Crystal Palace,"- de 1,5",1.95
316,Crystal Palace,Sheffield United,Total de buts - Crystal Palace,"+ de 2,5",2.90
317,Crystal Palace,Sheffield United,Total de buts - Crystal Palace,"- de 2,5",1.29
318,Crystal Palace,Sheffield United,Total de buts - Sheffield United,"+ de 0,5",1.66
319,Crystal Palace,Sheffield United,Total de buts - Sheffield United,"- de 0,5",1.85
320,Crystal Palace,Sheffield United,Total de buts - Sheffield United,"+ de 1,5",3.85
321,Crystal Palace,Sheffield United,Total de buts - Sheffield United,"- de 1,5",1.12
322,Crystal Palace,Sheffield United,Écart de buts,Crystal Palace gagne de 6 buts ou +,19
323,Crystal Palace,Sheffield United,Écart de buts,Crystal Palace gagne de 5 buts exactement,8.25
324,Crystal Palace,Sheffield United,Écart de buts,Sheffield United ne perd pas ou perd de 4 buts ou -,1.01
325,Crystal Palace,Sheffield United,Première équipe à marquer,Crystal Palace,1.37
326,Crystal Palace,Sheffield United,Première équipe à marquer,Pas de but dans le match,11.25
327,Crystal Palace,Sheffield United,Première équipe à marquer,Sheffield United,3.07
328,Crystal Palace,Sheffield United,Score exact,1 - 0,6.00
329,Crystal Palace,Sheffield United,Score exact,0 - 0,11
330,Crystal Palace,Sheffield United,Score exact,0 - 1,15
331,Crystal Palace,Sheffield United,Score exact,2 - 0,6.40
332,Crystal Palace,Sheffield United,Score exact,1 - 1,7.80
333,Crystal Palace,Sheffield United,Score exact,0 - 2,40
334,Crystal Palace,Sheffield United,Score exact,2 - 1,8.40
335,Crystal Palace,Sheffield United,Score exact,2 - 2,22
336,Crystal Palace,Sheffield United,Score exact,1 - 2,21
337,Crystal Palace,Sheffield United,1ère mi-temps - Résultat,Crystal Palace,1.94
338,Crystal Palace,Sheffield United,1ère mi-temps - Résultat,Nul,2.14
339,Crystal Palace,Sheffield United,1ère mi-temps - Résultat,Sheffield United,5.95
340,Everton,Aston Villa,Résultat du match (temps réglementaire),,2.39
341,Everton,Aston Villa,Double chance,Everton ou Nul,1.46
342,Everton,Aston Villa,Double chance,Everton ou Aston Villa,1.23
343,Everton,Aston Villa,Double chance,Nul ou Aston Villa,1.38
344,Everton,Aston Villa,Nombre total de buts,"+ de 1,5",1.17
345,Everton,Aston Villa,Nombre total de buts,"- de 1,5",3.90
346,Everton,Aston Villa,Nombre total de buts,"+ de 2,5",1.60
347,Everton,Aston Villa,Nombre total de buts,"- de 2,5",1.90
348,Everton,Aston Villa,Nombre total de buts,"+ de 3,5",2.40
349,Everton,Aston Villa,Nombre total de buts,"- de 3,5",1.35
350,Everton,Aston Villa,But pour les 2 équipes,Oui,1.50
351,Everton,Aston Villa,But pour les 2 équipes,Non,2.09
352,Everton,Aston Villa,Total de buts - Everton,"+ de 0,5",1.22
353,Everton,Aston Villa,Total de buts - Everton,"- de 0,5",3.50
354,Everton,Aston Villa,Total de buts - Everton,"+ de 1,5",2.09
355,Everton,Aston Villa,Total de buts - Everton,"- de 1,5",1.53
356,Everton,Aston Villa,Total de buts - Everton,"+ de 2,5",4.95
357,Everton,Aston Villa,Total de buts - Everton,"- de 2,5",1.13
358,Everton,Aston Villa,Total de buts - Everton,"+ de 3,5",6.75
359,Everton,Aston Villa,Total de buts - Everton,"- de 3,5",1.02
360,Everton,Aston Villa,Total de buts - Aston Villa,"+ de 0,5",1.19
361,Everton,Aston Villa,Total de buts - Aston Villa,"- de 0,5",3.80
362,Everton,Aston Villa,Total de buts - Aston Villa,"+ de 1,5",1.97
363,Everton,Aston Villa,Total de buts - Aston Villa,"- de 1,5",1.60
364,Everton,Aston Villa,Total de buts - Aston Villa,"+ de 2,5",4.40
365,Everton,Aston Villa,Total de buts - Aston Villa,"- de 2,5",1.15
366,Everton,Aston Villa,Total de buts - Aston Villa,"+ de 3,5",6.45
367,Everton,Aston Villa,Total de buts - Aston Villa,"- de 3,5",1.03
368,Everton,Aston Villa,Écart de buts,Everton gagne de 4 buts ou +,17
369,Everton,Aston Villa,Écart de buts,Everton gagne de 3 buts exactement,7.75
370,Everton,Aston Villa,Écart de buts,Aston Villa ne perd pas ou perd de 2 buts ou -,1.02
371,Everton,Aston Villa,Première équipe à marquer,Everton,1.95
372,Everton,Aston Villa,Première équipe à marquer,Pas de but dans le match,13.75
373,Everton,Aston Villa,Première équipe à marquer,Aston Villa,1.84
374,Everton,Aston Villa,Score exact,1 - 0,11
375,Everton,Aston Villa,Score exact,0 - 0,14
376,Everton,Aston Villa,Score exact,0 - 1,11
377,Everton,Aston Villa,Score exact,2 - 0,15
378,Everton,Aston Villa,Score exact,1 - 1,6.40
379,Everton,Aston Villa,Score exact,0 - 2,14
380,Everton,Aston Villa,Score exact,2 - 1,10
381,Everton,Aston Villa,Score exact,2 - 2,12
382,Everton,Aston Villa,Score exact,1 - 2,9.60
383,Everton,Aston Villa,1ère mi-temps - Résultat,Everton,3.10
384,Everton,Aston Villa,1ère mi-temps - Résultat,Nul,2.18
385,Everton,Aston Villa,1ère mi-temps - Résultat,Aston Villa,2.87
386,Fulham,Everton,Résultat du match (temps réglementaire),,2.62
387,Fulham,Everton,Double chance,Fulham ou Nul,1.37
388,Fulham,Everton,Double chance,Fulham ou Everton,1.24
389,Fulham,Everton,Double chance,Nul ou Everton,1.45
390,Fulham,Everton,Nombre total de buts,"+ de 0,5",1.03
391,Fulham,Everton,Nombre total de buts,"- de 0,5",11
392,Fulham,Everton,Nombre total de buts,"+ de 1,5",1.23
393,Fulham,Everton,Nombre total de buts,"- de 1,5",3.20
394,Fulham,Everton,Nombre total de buts,"+ de 2,5",1.78
395,Fulham,Everton,Nombre total de buts,"- de 2,5",1.70
396,Fulham,Everton,But pour les 2 équipes,Oui,1.64
397,Fulham,Everton,But pour les 2 équipes,Non,1.88
398,Fulham,Everton,Total de buts - Fulham,"+ de 0,5",1.23
399,Fulham,Everton,Total de buts - Fulham,"- de 0,5",3.30
400,Fulham,Everton,Total de buts - Fulham,"+ de 1,5",2.13
401,Fulham,Everton,Total de buts - Fulham,"- de 1,5",1.47
402,Fulham,Everton,Total de buts - Fulham,"+ de 2,5",5.30
403,Fulham,Everton,Total de buts - Fulham,"- de 2,5",1.10
404,Fulham,Everton,Total de buts - Fulham,"+ de 3,5",6.10
405,Fulham,Everton,Total de buts - Fulham,"- de 3,5",1.01
406,Fulham,Everton,Total de buts - Everton,"+ de 0,5",1.26
407,Fulham,Everton,Total de buts - Everton,"- de 0,5",3.07
408,Fulham,Everton,Total de buts - Everton,"+ de 1,5",2.26
409,Fulham,Everton,Total de buts - Everton,"- de 1,5",1.41
410,Fulham,Everton,Total de buts - Everton,"+ de 2,5",6.00
411,Fulham,Everton,Total de buts - Everton,"- de 2,5",1.08
412,Fulham,Everton,Écart de buts,Fulham gagne de 5 buts ou +,22
413,Fulham,Everton,Écart de buts,Fulham gagne de 4 buts exactement,7.90
414,Fulham,Everton,Écart de buts,Everton ne perd pas ou perd de 3 buts ou -,1.01
415,Fulham,Everton,Première équipe à marquer,Fulham,1.85
416,Fulham,Everton,Première équipe à marquer,Pas de but dans le match,11
417,Fulham,Everton,Première équipe à marquer,Everton,1.95
418,Fulham,Everton,Score exact,1 - 0,8.80
419,Fulham,Everton,Score exact,0 - 0,11
420,Fulham,Everton,Score exact,0 - 1,9.40
421,Fulham,Everton,Score exact,2 - 0,12
422,Fulham,Everton,Score exact,1 - 1,6.00
423,Fulham,Everton,Score exact,0 - 2,14
424,Fulham,Everton,Score exact,2 - 1,9.60
425,Fulham,Everton,Score exact,2 - 2,13
426,Fulham,Everton,Score exact,1 - 2,10
427,Fulham,Everton,1ère mi-temps - Résultat,Fulham,2.93
428,Fulham,Everton,1ère mi-temps - Résultat,Nul,2.03
429,Fulham,Everton,1ère mi-temps - Résultat,Everton,3.17
430,Liverpool,Chelsea,Résultat du match (temps réglementaire),,4.88
431,Liverpool,Chelsea,Double chance,Liverpool ou Nul,1.12
432,Liverpool,Chelsea,Double chance,Liverpool ou Chelsea,1.14
433,Liverpool,Chelsea,Double chance,Nul ou Chelsea,2.29
434,Liverpool,Chelsea,Nombre total de buts,"+ de 1,5",1.12
435,Liverpool,Chelsea,Nombre total de buts,"- de 1,5",4.75
436,Liverpool,Chelsea,Nombre total de buts,"+ de 2,5",1.45
437,Liverpool,Chelsea,Nombre total de buts,"- de 2,5",2.20
438,Liverpool,Chelsea,Nombre total de buts,"+ de 3,5",2.10
439,Liverpool,Chelsea,Nombre total de buts,"- de 3,5",1.48
440,Liverpool,Chelsea,But pour les 2 équipes,Oui,1.55
441,Liverpool,Chelsea,But pour les 2 équipes,Non,1.99
442,Liverpool,Chelsea,Total de buts - Liverpool,"+ de 0,5",1.06
443,Liverpool,Chelsea,Total de buts - Liverpool,"- de 0,5",7.00
444,Liverpool,Chelsea,Total de buts - Liverpool,"+ de 1,5",1.42
445,Liverpool,Chelsea,Total de buts - Liverpool,"- de 1,5",2.25
446,Liverpool,Chelsea,Total de buts - Liverpool,"+ de 2,5",2.38
447,Liverpool,Chelsea,Total de buts - Liverpool,"- de 2,5",1.41
448,Liverpool,Chelsea,Total de buts - Chelsea,"+ de 0,5",1.39
449,Liverpool,Chelsea,Total de buts - Chelsea,"- de 0,5",2.44
450,Liverpool,Chelsea,Total de buts - Chelsea,"+ de 1,5",2.77
451,Liverpool,Chelsea,Total de buts - Chelsea,"- de 1,5",1.27
452,Liverpool,Chelsea,Total de buts - Chelsea,"+ de 2,5",9.10
453,Liverpool,Chelsea,Total de buts - Chelsea,"- de 2,5",1.04
454,Liverpool,Chelsea,Écart de buts,Liverpool gagne de 5 buts ou +,12.50
455,Liverpool,Chelsea,Écart de buts,Liverpool gagne de 4 buts exactement,7.75
456,Liverpool,Chelsea,Écart de buts,Chelsea ne perd pas ou perd de 3 buts ou -,1.04
457,Liverpool,Chelsea,Première équipe à marquer,Liverpool,1.40
458,Liverpool,Chelsea,Première équipe à marquer,Pas de but dans le match,19.25
459,Liverpool,Chelsea,Première équipe à marquer,Chelsea,2.62
460,Liverpool,Chelsea,Score exact,1 - 0,9.20
461,Liverpool,Chelsea,Score exact,0 - 0,19
462,Liverpool,Chelsea,Score exact,0 - 1,19
463,Liverpool,Chelsea,Score exact,2 - 0,8.40
464,Liverpool,Chelsea,Score exact,1 - 1,8.40
465,Liverpool,Chelsea,Score exact,0 - 2,35
466,Liverpool,Chelsea,Score exact,2 - 1,8.20
467,Liverpool,Chelsea,Score exact,2 - 2,15
468,Liverpool,Chelsea,Score exact,1 - 2,17
469,Liverpool,Chelsea,1ère mi-temps - Résultat,Liverpool,1.93
470,Liverpool,Chelsea,1ère mi-temps - Résultat,Nul,2.36
471,Liverpool,Chelsea,1ère mi-temps - Résultat,Chelsea,4.80
472,Luton,Brighton,Résultat du match (temps réglementaire),,1.57
473,Luton,Brighton,Double chance,Luton ou Nul,2.12
474,Luton,Brighton,Double chance,Luton ou Brighton,1.16
475,Luton,Brighton,Double chance,Nul ou Brighton,1.14
476,Luton,Brighton,Nombre total de buts,"+ de 1,5",1.14
477,Luton,Brighton,Nombre total de buts,"- de 1,5",4.40
478,Luton,Brighton,Nombre total de buts,"+ de 2,5",1.50
479,Luton,Brighton,Nombre total de buts,"- de 2,5",2.05
480,Luton,Brighton,Nombre total de buts,"+ de 3,5",2.25
481,Luton,Brighton,Nombre total de buts,"- de 3,5",1.42
482,Luton,Brighton,But pour les 2 équipes,Oui,1.56
483,Luton,Brighton,But pour les 2 équipes,Non,1.97
484,Luton,Brighton,Total de buts - Luton,"+ de 0,5",1.38
485,Luton,Brighton,Total de buts - Luton,"- de 0,5",2.48
486,Luton,Brighton,Total de buts - Luton,"+ de 1,5",2.73
487,Luton,Brighton,Total de buts - Luton,"- de 1,5",1.28
488,Luton,Brighton,Total de buts - Luton,"+ de 2,5",8.80
489,Luton,Brighton,Total de buts - Luton,"- de 2,5",1.04
490,Luton,Brighton,Total de buts - Brighton,"+ de 0,5",1.08
491,Luton,Brighton,Total de buts - Brighton,"- de 0,5",6.15
492,Luton,Brighton,Total de buts - Brighton,"+ de 1,5",1.49
493,Luton,Brighton,Total de buts - Brighton,"- de 1,5",2.08
494,Luton,Brighton,Total de buts - Brighton,"+ de 2,5",2.63
495,Luton,Brighton,Total de buts - Brighton,"- de 2,5",1.34
496,Luton,Brighton,Écart de buts,Luton gagne de 4 buts ou +,24
497,Luton,Brighton,Écart de buts,Luton gagne de 3 buts exactement,7.70
498,Luton,Brighton,Écart de buts,Brighton ne perd pas ou perd de 2 buts ou -,1.01
499,Luton,Brighton,Première équipe à marquer,Luton,2.52
500,Luton,Brighton,Première équipe à marquer,Pas de but dans le match,17
501,Luton,Brighton,Première équipe à marquer,Brighton,1.45
502,Luton,Brighton,Score exact,1 - 0,17
503,Luton,Brighton,Score exact,0 - 0,17
504,Luton,Brighton,Score exact,0 - 1,8.80
505,Luton,Brighton,Score exact,2 - 0,30
506,Luton,Brighton,Score exact,1 - 1,7.80
507,Luton,Brighton,Score exact,0 - 2,8.60
508,Luton,Brighton,Score exact,2 - 1,15
509,Luton,Brighton,Score exact,2 - 2,14
510,Luton,Brighton,Score exact,1 - 2,8.20
511,Luton,Brighton,1ère mi-temps - Résultat,Luton,4.55
512,Luton,Brighton,1ère mi-temps - Résultat,Nul,2.29
513,Luton,Brighton,1ère mi-temps - Résultat,Brighton,2.03
514,Manchester City,Burnley,Résultat du match (temps réglementaire),,14.25
515,Manchester City,Burnley,Double chance,Manchester City ou Nul,1.01
516,Manchester City,Burnley,Double chance,Manchester City ou Burnley,1.03
517,Manchester City,Burnley,Double chance,Nul ou Burnley,5.30
518,Manchester City,Burnley,Nombre total de buts,"+ de 1,5",1.07
519,Manchester City,Burnley,Nombre total de buts,"- de 1,5",6.50
520,Manchester City,Burnley,Nombre total de buts,"+ de 2,5",1.30
521,Manchester City,Burnley,Nombre total de buts,"- de 2,5",2.65
522,Manchester City,Burnley,Nombre total de buts,"+ de 3,5",1.78
523,Manchester City,Burnley,Nombre total de buts,"- de 3,5",1.70
524,Manchester City,Burnley,But pour les 2 équipes,Oui,2.00
525,Manchester City,Burnley,But pour les 2 équipes,Non,1.54
526,Manchester City,Burnley,Total de buts - Manchester City,"+ de 1,5",1.15
527,Manchester City,Burnley,Total de buts - Manchester City,"- de 1,5",3.57
528,Manchester City,Burnley,Total de buts - Manchester City,"+ de 2,5",1.53
529,Manchester City,Burnley,Total de buts - Manchester City,"- de 2,5",2.02
530,Manchester City,Burnley,Total de buts - Manchester City,"+ de 3,5",2.29
531,Manchester City,Burnley,Total de buts - Manchester City,"- de 3,5",1.40
532,Manchester City,Burnley,Total de buts - Burnley,"+ de 0,5",1.92
533,Manchester City,Burnley,Total de buts - Burnley,"- de 0,5",1.59
534,Manchester City,Burnley,Total de buts - Burnley,"+ de 1,5",4.72
535,Manchester City,Burnley,Total de buts - Burnley,"- de 1,5",1.07
536,Manchester City,Burnley,Écart de buts,Manchester City gagne de 7 buts ou +,13.25
537,Manchester City,Burnley,Écart de buts,Manchester City gagne de 6 buts exactement,8.80
538,Manchester City,Burnley,Écart de buts,Burnley ne perd pas ou perd de 5 buts ou -,1.02
539,Manchester City,Burnley,Première équipe à marquer,Manchester City,1.14
540,Manchester City,Burnley,Première équipe à marquer,Pas de but dans le match,30
541,Manchester City,Burnley,Première équipe à marquer,Burnley,4.30
542,Manchester City,Burnley,Score exact,1 - 0,9.60
543,Manchester City,Burnley,Score exact,0 - 0,30
544,Manchester City,Burnley,Score exact,0 - 1,50
545,Manchester City,Burnley,Score exact,2 - 0,6.40
546,Manchester City,Burnley,Score exact,1 - 1,17
547,Manchester City,Burnley,Score exact,0 - 2,101
548,Manchester City,Burnley,Score exact,2 - 1,11
549,Manchester City,Burnley,Score exact,2 - 2,40
550,Manchester City,Burnley,Score exact,1 - 2,50
551,Manchester City,Burnley,1ère mi-temps - Résultat,Manchester City,1.40
552,Manchester City,Burnley,1ère mi-temps - Résultat,Nul,2.91
553,Manchester City,Burnley,1ère mi-temps - Résultat,Burnley,10.50
554,Manchester United,Tottenham,Résultat du match (temps réglementaire),,2.86
555,Manchester United,Tottenham,Double chance,Manchester United ou Nul,1.33
556,Manchester United,Tottenham,Double chance,Manchester United ou Tottenham,1.20
557,Manchester United,Tottenham,Double chance,Nul ou Tottenham,1.58
558,Manchester United,Tottenham,Nombre total de buts,"+ de 1,5",1.10
559,Manchester United,Tottenham,Nombre total de buts,"- de 1,5",5.50
560,Manchester United,Tottenham,Nombre total de buts,"+ de 2,5",1.38
561,Manchester United,Tottenham,Nombre total de buts,"- de 2,5",2.35
562,Manchester United,Tottenham,Nombre total de buts,"+ de 3,5",1.95
563,Manchester United,Tottenham,Nombre total de buts,"- de 3,5",1.58
564,Manchester United,Tottenham,But pour les 2 équipes,Oui,1.36
565,Manchester United,Tottenham,But pour les 2 équipes,Non,2.42
566,Manchester United,Tottenham,Total de buts - Manchester United,"+ de 0,5",1.12
567,Manchester United,Tottenham,Total de buts - Manchester United,"- de 0,5",5.20
568,Manchester United,Tottenham,Total de buts - Manchester United,"+ de 1,5",1.64
569,Manchester United,Tottenham,Total de buts - Manchester United,"- de 1,5",1.92
570,Manchester United,Tottenham,Total de buts - Manchester United,"+ de 2,5",3.10
571,Manchester United,Tottenham,Total de buts - Manchester United,"- de 2,5",1.27
572,Manchester United,Tottenham,Total de buts - Manchester United,"+ de 3,5",5.20
573,Manchester United,Tottenham,Total de buts - Manchester United,"- de 3,5",1.07
574,Manchester United,Tottenham,Total de buts - Tottenham,"+ de 0,5",1.18
575,Manchester United,Tottenham,Total de buts - Tottenham,"- de 0,5",3.95
576,Manchester United,Tottenham,Total de buts - Tottenham,"+ de 1,5",1.92
577,Manchester United,Tottenham,Total de buts - Tottenham,"- de 1,5",1.64
578,Manchester United,Tottenham,Total de buts - Tottenham,"+ de 2,5",4.18
579,Manchester United,Tottenham,Total de buts - Tottenham,"- de 2,5",1.17
580,Manchester United,Tottenham,Total de buts - Tottenham,"+ de 3,5",6.30
581,Manchester United,Tottenham,Total de buts - Tottenham,"- de 3,5",1.03
582,Manchester United,Tottenham,Écart de buts,Manchester United gagne de 5 buts ou +,17
583,Manchester United,Tottenham,Écart de buts,Manchester United gagne de 4 buts exactement,8.35
584,Manchester United,Tottenham,Écart de buts,Tottenham ne perd pas ou perd de 3 buts ou -,1.01
585,Manchester United,Tottenham,Première équipe à marquer,Manchester United,1.72
586,Manchester United,Tottenham,Première équipe à marquer,Pas de but dans le match,21.50
587,Manchester United,Tottenham,Première équipe à marquer,Tottenham,2.00
588,Manchester United,Tottenham,Score exact,1 - 0,13
589,Manchester United,Tottenham,Score exact,0 - 0,22
590,Manchester United,Tottenham,Score exact,0 - 1,16
591,Manchester United,Tottenham,Score exact,2 - 0,14
592,Manchester United,Tottenham,Score exact,1 - 1,7.60
593,Manchester United,Tottenham,Score exact,0 - 2,20
594,Manchester United,Tottenham,Score exact,2 - 1,9.40
595,Manchester United,Tottenham,Score exact,2 - 2,11
596,Manchester United,Tottenham,Score exact,1 - 2,11
597,Manchester United,Tottenham,1ère mi-temps - Résultat,Manchester United,2.54
598,Manchester United,Tottenham,1ère mi-temps - Résultat,Nul,2.37
599,Manchester United,Tottenham,1ère mi-temps - Résultat,Tottenham,3.18
600,Newcastle,Manchester City,Résultat du match (temps réglementaire),,1.54
601,Newcastle,Manchester City,Double chance,Newcastle ou Nul,2.23
602,Newcastle,Manchester City,Double chance,Newcastle ou Manchester City,1.15
603,Newcastle,Manchester City,Double chance,Nul ou Manchester City,1.12
604,Newcastle,Manchester City,Nombre total de buts,"+ de 1,5",1.15
605,Newcastle,Manchester City,Nombre total de buts,"- de 1,5",4.40
606,Newcastle,Manchester City,Nombre total de buts,"+ de 2,5",1.52
607,Newcastle,Manchester City,Nombre total de buts,"- de 2,5",2.10
608,Newcastle,Manchester City,Nombre total de buts,"+ de 3,5",2.30
609,Newcastle,Manchester City,Nombre total de buts,"- de 3,5",1.45
610,Newcastle,Manchester City,But pour les 2 équipes,Oui,1.58
611,Newcastle,Manchester City,But pour les 2 équipes,Non,1.93
612,Newcastle,Manchester City,Total de buts - Newcastle,"+ de 0,5",1.45
613,Newcastle,Manchester City,Total de buts - Newcastle,"- de 0,5",2.38
614,Newcastle,Manchester City,Total de buts - Newcastle,"+ de 1,5",3.07
615,Newcastle,Manchester City,Total de buts - Newcastle,"- de 1,5",1.28
616,Newcastle,Manchester City,Total de buts - Newcastle,"+ de 2,5",9.80
617,Newcastle,Manchester City,Total de buts - Newcastle,"- de 2,5",1.04
618,Newcastle,Manchester City,Total de buts - Manchester City,"+ de 0,5",1.09
619,Newcastle,Manchester City,Total de buts - Manchester City,"- de 0,5",6.50
620,Newcastle,Manchester City,Total de buts - Manchester City,"+ de 1,5",1.50
621,Newcastle,Manchester City,Total de buts - Manchester City,"- de 1,5",2.25
622,Newcastle,Manchester City,Total de buts - Manchester City,"+ de 2,5",2.52
623,Newcastle,Manchester City,Total de buts - Manchester City,"- de 2,5",1.41
624,Newcastle,Manchester City,Écart de buts,Newcastle gagne de 4 buts ou +,25
625,Newcastle,Manchester City,Écart de buts,Newcastle gagne de 3 buts exactement,7.65
626,Newcastle,Manchester City,Écart de buts,Manchester City ne perd pas ou perd de 2 buts ou -,1.01
627,Newcastle,Manchester City,Première équipe à marquer,Newcastle,2.76
628,Newcastle,Manchester City,Première équipe à marquer,Pas de but dans le match,17
629,Newcastle,Manchester City,Première équipe à marquer,Manchester City,1.45
630,Newcastle,Manchester City,Score exact,1 - 0,17
631,Newcastle,Manchester City,Score exact,0 - 0,17
632,Newcastle,Manchester City,Score exact,0 - 1,8.60
633,Newcastle,Manchester City,Score exact,2 - 0,35
634,Newcastle,Manchester City,Score exact,1 - 1,8.00
635,Newcastle,Manchester City,Score exact,0 - 2,8.20
636,Newcastle,Manchester City,Score exact,2 - 1,17
637,Newcastle,Manchester City,Score exact,2 - 2,15
638,Newcastle,Manchester City,Score exact,1 - 2,8.20
639,Newcastle,Manchester City,1ère mi-temps - Résultat,Newcastle,5.10
640,Newcastle,Manchester City,1ère mi-temps - Résultat,Nul,2.39
641,Newcastle,Manchester City,1ère mi-temps - Résultat,Manchester City,2.02
642,Nottingham Forest,Arsenal,Résultat du match (temps réglementaire),,1.41
643,Nottingham Forest,Arsenal,Double chance,Nottingham Forest ou Nul,2.51
644,Nottingham Forest,Arsenal,Double chance,Nottingham Forest ou Arsenal,1.13
645,Nottingham Forest,Arsenal,Double chance,Nul ou Arsenal,1.08
646,Nottingham Forest,Arsenal,Nombre total de buts,"+ de 1,5",1.18
647,Nottingham Forest,Arsenal,Nombre total de buts,"- de 1,5",3.80
648,Nottingham Forest,Arsenal,Nombre total de buts,"+ de 2,5",1.60
649,Nottingham Forest,Arsenal,Nombre total de buts,"- de 2,5",1.90
650,Nottingham Forest,Arsenal,Nombre total de buts,"+ de 3,5",2.45
651,Nottingham Forest,Arsenal,Nombre total de buts,"- de 3,5",1.35
652,Nottingham Forest,Arsenal,But pour les 2 équipes,Oui,1.78
653,Nottingham Forest,Arsenal,But pour les 2 équipes,Non,1.71
654,Nottingham Forest,Arsenal,Total de buts - Nottingham Forest,"+ de 0,5",1.58
655,Nottingham Forest,Arsenal,Total de buts - Nottingham Forest,"- de 0,5",1.97
656,Nottingham Forest,Arsenal,Total de buts - Nottingham Forest,"+ de 1,5",3.53
657,Nottingham Forest,Arsenal,Total de buts - Nottingham Forest,"- de 1,5",1.15
658,Nottingham Forest,Arsenal,Total de buts - Nottingham Forest,"+ de 2,5",15.50
659,Nottingham Forest,Arsenal,Total de buts - Nottingham Forest,"- de 2,5",1.01
660,Nottingham Forest,Arsenal,Total de buts - Arsenal,"+ de 0,5",1.08
661,Nottingham Forest,Arsenal,Total de buts - Arsenal,"- de 0,5",6.45
662,Nottingham Forest,Arsenal,Total de buts - Arsenal,"+ de 1,5",1.46
663,Nottingham Forest,Arsenal,Total de buts - Arsenal,"- de 1,5",2.14
664,Nottingham Forest,Arsenal,Total de buts - Arsenal,"+ de 2,5",2.53
665,Nottingham Forest,Arsenal,Total de buts - Arsenal,"- de 2,5",1.37
666,Nottingham Forest,Arsenal,Écart de buts,Nottingham Forest gagne de 3 buts ou +,80
667,Nottingham Forest,Arsenal,Écart de buts,Nottingham Forest gagne de 2 buts exactement,24
668,Nottingham Forest,Arsenal,Écart de buts,Arsenal ne perd pas ou perd de 1 but exactement,1.01
669,Nottingham Forest,Arsenal,Première équipe à marquer,Nottingham Forest,3.00
670,Nottingham Forest,Arsenal,Première équipe à marquer,Pas de but dans le match,14.25
671,Nottingham Forest,Arsenal,Première équipe à marquer,Arsenal,1.35
672,Nottingham Forest,Arsenal,Score exact,1 - 0,17
673,Nottingham Forest,Arsenal,Score exact,0 - 0,14
674,Nottingham Forest,Arsenal,Score exact,0 - 1,7.00
675,Nottingham Forest,Arsenal,Score exact,2 - 0,40
676,Nottingham Forest,Arsenal,Score exact,1 - 1,8.40
677,Nottingham Forest,Arsenal,Score exact,0 - 2,6.80
678,Nottingham Forest,Arsenal,Score exact,2 - 1,21
679,Nottingham Forest,Arsenal,Score exact,2 - 2,19
680,Nottingham Forest,Arsenal,Score exact,1 - 2,8.20
681,Nottingham Forest,Arsenal,1ère mi-temps - Résultat,Nottingham Forest,5.80
682,Nottingham Forest,Arsenal,1ère mi-temps - Résultat,Nul,2.27
683,Nottingham Forest,Arsenal,1ère mi-temps - Résultat,Arsenal,1.87
684,Sheffield United,West Ham,Résultat du match (temps réglementaire),,1.84
685,Sheffield United,West Ham,Double chance,Sheffield United ou Nul,1.78
686,Sheffield United,West Ham,Double chance,Sheffield United ou West Ham,1.20
687,Sheffield United,West Ham,Double chance,Nul ou West Ham,1.20
688,Sheffield United,West Ham,Nombre total de buts,"+ de 0,5",1.02
689,Sheffield United,West Ham,Nombre total de buts,"- de 0,5",12
690,Sheffield United,West Ham,Nombre total de buts,"+ de 1,5",1.20
691,Sheffield United,West Ham,Nombre total de buts,"- de 1,5",3.50
692,Sheffield United,West Ham,Nombre total de buts,"+ de 2,5",1.68
693,Sheffield United,West Ham,Nombre total de buts,"- de 2,5",1.80
694,Sheffield United,West Ham,But pour les 2 équipes,Oui,1.63
695,Sheffield United,West Ham,But pour les 2 équipes,Non,1.88
696,Sheffield United,West Ham,Total de buts - Sheffield United,"+ de 0,5",1.38
697,Sheffield United,West Ham,Total de buts - Sheffield United,"- de 0,5",2.54
698,Sheffield United,West Ham,Total de buts - Sheffield United,"+ de 1,5",2.75
699,Sheffield United,West Ham,Total de buts - Sheffield United,"- de 1,5",1.30
700,Sheffield United,West Ham,Total de buts - Sheffield United,"+ de 2,5",8.45
701,Sheffield United,West Ham,Total de buts - Sheffield United,"- de 2,5",1.05
702,Sheffield United,West Ham,Total de buts - West Ham,"+ de 0,5",1.15
703,Sheffield United,West Ham,Total de buts - West Ham,"- de 0,5",4.48
704,Sheffield United,West Ham,Total de buts - West Ham,"+ de 1,5",1.77
705,Sheffield United,West Ham,Total de buts - West Ham,"- de 1,5",1.77
706,Sheffield United,West Ham,Total de buts - West Ham,"+ de 2,5",3.57
707,Sheffield United,West Ham,Total de buts - West Ham,"- de 2,5",1.22
708,Sheffield United,West Ham,Total de buts - West Ham,"+ de 3,5",5.75
709,Sheffield United,West Ham,Total de buts - West Ham,"- de 3,5",1.05
710,Sheffield United,West Ham,Écart de buts,Sheffield United gagne de 4 buts ou +,23
711,Sheffield United,West Ham,Écart de buts,Sheffield United gagne de 3 buts exactement,7.70
712,Sheffield United,West Ham,Écart de buts,West Ham ne perd pas ou perd de 2 buts ou -,1.01
713,Sheffield United,West Ham,Première équipe à marquer,Sheffield United,2.37
714,Sheffield United,West Ham,Première équipe à marquer,Pas de but dans le match,12.25
715,Sheffield United,West Ham,Première équipe à marquer,West Ham,1.60
716,Sheffield United,West Ham,Score exact,1 - 0,12
717,Sheffield United,West Ham,Score exact,0 - 0,12
718,Sheffield United,West Ham,Score exact,0 - 1,8.00
719,Sheffield United,West Ham,Score exact,2 - 0,22
720,Sheffield United,West Ham,Score exact,1 - 1,6.60
721,Sheffield United,West Ham,Score exact,0 - 2,9.20
722,Sheffield United,West Ham,Score exact,2 - 1,13
723,Sheffield United,West Ham,Score exact,2 - 2,14
724,Sheffield United,West Ham,Score exact,1 - 2,8.40
725,Sheffield United,West Ham,1ère mi-temps - Résultat,Sheffield United,4.12
726,Sheffield United,West Ham,1ère mi-temps - Résultat,Nul,2.15
727,Sheffield United,West Ham,1ère mi-temps - Résultat,West Ham,2.37
728,Tottenham,Brentford,Résultat du match (temps réglementaire),,4.33
729,Tottenham,Brentford,Double chance,Tottenham ou Nul,1.15
730,Tottenham,Brentford,Double chance,Tottenham ou Brentford,1.16
731,Tottenham,Brentford,Double chance,Nul ou Brentford,2.08
732,Tottenham,Brentford,Nombre total de buts,"+ de 1,5",1.12
733,Tottenham,Brentford,Nombre total de buts,"- de 1,5",4.80
734,Tottenham,Brentford,Nombre total de buts,"+ de 2,5",1.45
735,Tottenham,Brentford,Nombre total de buts,"- de 2,5",2.20
736,Tottenham,Brentford,Nombre total de buts,"+ de 3,5",2.10
737,Tottenham,Brentford,Nombre total de buts,"- de 3,5",1.50
738,Tottenham,Brentford,But pour les 2 équipes,Oui,1.49
739,Tottenham,Brentford,But pour les 2 équipes,Non,2.09
740,Tottenham,Brentford,Total de buts - Tottenham,"+ de 0,5",1.07
741,Tottenham,Brentford,Total de buts - Tottenham,"- de 0,5",6.50
742,Tottenham,Brentford,Total de buts - Tottenham,"+ de 1,5",1.46
743,Tottenham,Brentford,Total de buts - Tottenham,"- de 1,5",2.15
744,Tottenham,Brentford,Total de buts - Tottenham,"+ de 2,5",2.52
745,Tottenham,Brentford,Total de buts - Tottenham,"- de 2,5",1.37
746,Tottenham,Brentford,Total de buts - Brentford,"+ de 0,5",1.33
747,Tottenham,Brentford,Total de buts - Brentford,"- de 0,5",2.67
748,Tottenham,Brentford,Total de buts - Brentford,"+ de 1,5",2.54
749,Tottenham,Brentford,Total de buts - Brentford,"- de 1,5",1.32
750,Tottenham,Brentford,Total de buts - Brentford,"+ de 2,5",7.60
751,Tottenham,Brentford,Total de buts - Brentford,"- de 2,5",1.06
752,Tottenham,Brentford,Écart de buts,Tottenham gagne de 5 buts ou +,13.50
753,Tottenham,Brentford,Écart de buts,Tottenham gagne de 4 buts exactement,7.95
754,Tottenham,Brentford,Écart de buts,Brentford ne perd pas ou perd de 3 buts ou -,1.03
755,Tottenham,Brentford,Première équipe à marquer,Tottenham,1.46
756,Tottenham,Brentford,Première équipe à marquer,Pas de but dans le match,19
757,Tottenham,Brentford,Première équipe à marquer,Brentford,2.45
758,Tottenham,Brentford,Score exact,1 - 0,9.80
759,Tottenham,Brentford,Score exact,0 - 0,19
760,Tottenham,Brentford,Score exact,0 - 1,18
761,Tottenham,Brentford,Score exact,2 - 0,9.40
762,Tottenham,Brentford,Score exact,1 - 1,8.00
763,Tottenham,Brentford,Score exact,0 - 2,30
764,Tottenham,Brentford,Score exact,2 - 1,8.20
765,Tottenham,Brentford,Score exact,2 - 2,13
766,Tottenham,Brentford,Score exact,1 - 2,15
767,Tottenham,Brentford,1ère mi-temps - Résultat,Tottenham,2.02
768,Tottenham,Brentford,1ère mi-temps - Résultat,Nul,2.34
769,Tottenham,Brentford,1ère mi-temps - Résultat,Brentford,4.37
770,West Ham,Bournemouth,Résultat du match (temps réglementaire),,3.02
771,West Ham,Bournemouth,Double chance,West Ham ou Nul,1.29
772,West Ham,Bournemouth,Double chance,West Ham ou Bournemouth,1.19
773,West Ham,Bournemouth,Double chance,Nul ou Bournemouth,1.66
774,West Ham,Bournemouth,Nombre total de buts,"+ de 1,5",1.15
775,West Ham,Bournemouth,Nombre total de buts,"- de 1,5",4.20
776,West Ham,Bournemouth,Nombre total de buts,"+ de 2,5",1.55
777,West Ham,Bournemouth,Nombre total de buts,"- de 2,5",2.00
778,West Ham,Bournemouth,Nombre total de buts,"+ de 3,5",2.30
779,West Ham,Bournemouth,Nombre total de buts,"- de 3,5",1.40
780,West Ham,Bournemouth,But pour les 2 équipes,Oui,1.50
781,West Ham,Bournemouth,But pour les 2 équipes,Non,2.09
782,West Ham,Bournemouth,Total de buts - West Ham,"+ de 0,5",1.13
783,West Ham,Bournemouth,Total de buts - West Ham,"- de 0,5",4.57
784,West Ham,Bournemouth,Total de buts - West Ham,"+ de 1,5",1.72
785,West Ham,Bournemouth,Total de buts - West Ham,"- de 1,5",1.76
786,West Ham,Bournemouth,Total de buts - West Ham,"+ de 2,5",3.48
787,West Ham,Bournemouth,Total de buts - West Ham,"- de 2,5",1.21
788,West Ham,Bournemouth,Total de buts - West Ham,"+ de 3,5",5.20
789,West Ham,Bournemouth,Total de buts - West Ham,"- de 3,5",1.04
790,West Ham,Bournemouth,Total de buts - Bournemouth,"+ de 0,5",1.25
791,West Ham,Bournemouth,Total de buts - Bournemouth,"- de 0,5",3.15
792,West Ham,Bournemouth,Total de buts - Bournemouth,"+ de 1,5",2.20
793,West Ham,Bournemouth,Total de buts - Bournemouth,"- de 1,5",1.44
794,West Ham,Bournemouth,Total de buts - Bournemouth,"+ de 2,5",5.70
795,West Ham,Bournemouth,Total de buts - Bournemouth,"- de 2,5",1.09
796,West Ham,Bournemouth,Total de buts - Bournemouth,"+ de 3,5",6.20
797,West Ham,Bournemouth,Total de buts - Bournemouth,"- de 3,5",1.01
798,West Ham,Bournemouth,Écart de buts,West Ham gagne de 5 buts ou +,18
799,West Ham,Bournemouth,Écart de buts,West Ham gagne de 4 buts exactement,8.20
800,West Ham,Bournemouth,Écart de buts,Bournemouth ne perd pas ou perd de 3 buts ou -,1.01
801,West Ham,Bournemouth,Première équipe à marquer,West Ham,1.66
802,West Ham,Bournemouth,Première équipe à marquer,Pas de but dans le match,16.25
803,West Ham,Bournemouth,Première équipe à marquer,Bournemouth,2.08
804,West Ham,Bournemouth,Score exact,1 - 0,9.80
805,West Ham,Bournemouth,Score exact,0 - 0,16
806,West Ham,Bournemouth,Score exact,0 - 1,13
807,West Ham,Bournemouth,Score exact,2 - 0,11
808,West Ham,Bournemouth,Score exact,1 - 1,7.20
809,West Ham,Bournemouth,Score exact,0 - 2,19
810,West Ham,Bournemouth,Score exact,2 - 1,8.60
811,West Ham,Bournemouth,Score exact,2 - 2,13
812,West Ham,Bournemouth,Score exact,1 - 2,11
813,West Ham,Bournemouth,1ère mi-temps - Résultat,West Ham,2.48
814,West Ham,Bournemouth,1ère mi-temps - Résultat,Nul,2.19
815,West Ham,Bournemouth,1ère mi-temps - Résultat,Bournemouth,3.45
816,Wolverhampton,Manchester United,Résultat du match (temps réglementaire),,2.39
817,Wolverhampton,Manchester United,Double chance,Wolverhampton ou Nul,1.44
818,Wolverhampton,Manchester United,Double chance,Wolverhampton ou Manchester United,1.22
819,Wolverhampton,Manchester United,Double chance,Nul ou Manchester United,1.41
820,Wolverhampton,Manchester United,Nombre total de buts,"+ de 1,5",1.17
821,Wolverhampton,Manchester United,Nombre total de buts,"- de 1,5",3.90
822,Wolverhampton,Manchester United,Nombre total de buts,"+ de 2,5",1.60
823,Wolverhampton,Manchester United,Nombre total de buts,"- de 2,5",1.90
824,Wolverhampton,Manchester United,Nombre total de buts,"+ de 3,5",2.45
825,Wolverhampton,Manchester United,Nombre total de buts,"- de 3,5",1.35
826,Wolverhampton,Manchester United,But pour les 2 équipes,Oui,1.52
827,Wolverhampton,Manchester United,But pour les 2 équipes,Non,2.06
828,Wolverhampton,Manchester United,Total de buts - Wolverhampton,"+ de 0,5",1.21
829,Wolverhampton,Manchester United,Total de buts - Wolverhampton,"- de 0,5",3.55
830,Wolverhampton,Manchester United,Total de buts - Wolverhampton,"+ de 1,5",2.02
831,Wolverhampton,Manchester United,Total de buts - Wolverhampton,"- de 1,5",1.53
832,Wolverhampton,Manchester United,Total de buts - Wolverhampton,"+ de 2,5",4.78
833,Wolverhampton,Manchester United,Total de buts - Wolverhampton,"- de 2,5",1.12
834,Wolverhampton,Manchester United,Total de buts - Wolverhampton,"+ de 3,5",5.95
835,Wolverhampton,Manchester United,Total de buts - Wolverhampton,"- de 3,5",1.02
836,Wolverhampton,Manchester United,Total de buts - Manchester United,"+ de 0,5",1.20
837,Wolverhampton,Manchester United,Total de buts - Manchester United,"- de 0,5",3.65
838,Wolverhampton,Manchester United,Total de buts - Manchester United,"+ de 1,5",1.98
839,Wolverhampton,Manchester United,Total de buts - Manchester United,"- de 1,5",1.55
840,Wolverhampton,Manchester United,Total de buts - Manchester United,"+ de 2,5",4.58
841,Wolverhampton,Manchester United,Total de buts - Manchester United,"- de 2,5",1.13
842,Wolverhampton,Manchester United,Total de buts - Manchester United,"+ de 3,5",5.90
843,Wolverhampton,Manchester United,Total de buts - Manchester United,"- de 3,5",1.02
844,Wolverhampton,Manchester United,Écart de buts,Wolverhampton gagne de 4 buts ou +,16.50
845,Wolverhampton,Manchester United,Écart de buts,Wolverhampton gagne de 3 buts exactement,7.70
846,Wolverhampton,Manchester United,Écart de buts,Manchester United ne perd pas ou perd de 2 buts ou -,1.02
847,Wolverhampton,Manchester United,Première équipe à marquer,Wolverhampton,1.88
848,Wolverhampton,Manchester United,Première équipe à marquer,Pas de but dans le match,14.25
849,Wolverhampton,Manchester United,Première équipe à marquer,Manchester United,1.84
850,Wolverhampton,Manchester United,Score exact,1 - 0,11
851,Wolverhampton,Manchester United,Score exact,0 - 0,14
852,Wolverhampton,Manchester United,Score exact,0 - 1,10
853,Wolverhampton,Manchester United,Score exact,2 - 0,14
854,Wolverhampton,Manchester United,Score exact,1 - 1,6.60
855,Wolverhampton,Manchester United,Score exact,0 - 2,14
856,Wolverhampton,Manchester United,Score exact,2 - 1,9.80
857,Wolverhampton,Manchester United,Score exact,2 - 2,12
858,Wolverhampton,Manchester United,Score exact,1 - 2,9.60
859,Wolverhampton,Manchester United,1ère mi-temps - Résultat,Wolverhampton,2.98
860,Wolverhampton,Manchester United,1ère mi-temps - Résultat,Nul,2.13
861,Wolverhampton,Manchester United,1ère mi-temps - Résultat,Manchester United,2.89
